Run	altitude	Assay Type	AvgSpotLen	Bases	biomaterial_provider	BioProject	BioSample	BioSampleModel	Bytes	Center Name	collected_by	Consent	DATASTORE filetype	DATASTORE provider	DATASTORE region	dev_stage	Experiment	geo_loc_name_country	geo_loc_name_country_continent	geo_loc_name	Instrument	isolation_source	lat_lon	Library Name	LibraryLayout	LibrarySelection	LibrarySource	Organism	Platform	ReleaseDate	create_date	version	Sample Name	SRA Study	tissue	Ecotype	collection_date	Cultivar	isolate
SRR6242246	1365 m	WGS	290	1226146100	USAID Feed the Future Innovation Lab for Climate Resilient Chickpea	PRJNA416007	SAMN07948335	Plant	618429127	COOK LAB - UNIVERSITY OF CALIFORNIA AT DAVIS	USAID Feed the Future Innovation Lab for Climate Resilient Chickpea	public	"fastq,run.zq,sra"	"gs,ncbi,s3"	"gs.us-east1,ncbi.public,s3.us-east-1"	flowering	SRX3349931	Turkey	Asia	Turkey: Sirnak	Illumina HiSeq 4000	mountain slope-field side or border	37.426763 N 42.50266 E	CudiB_009.PKTTAGGC_G03_CAGTGC	PAIRED	RANDOM	GENOMIC	Cicer reticulatum	ILLUMINA	2019-11-01T00:00:00Z	2017-11-01T12:13:00Z	1	CudiB_009	SRP123332	leaf	CudiB_009	23/05/2013		
SRR6242247	1368 m	WGS	294	1561389900	USAID Feed the Future Innovation Lab for Climate Resilient Chickpea	PRJNA416007	SAMN07948340	Plant	667607548	COOK LAB - UNIVERSITY OF CALIFORNIA AT DAVIS	USAID Feed the Future Innovation Lab for Climate Resilient Chickpea	public	"fastq,run.zq,sra"	"gs,ncbi,s3"	"gs.us-east1,ncbi.public,s3.us-east-1"	flowering	SRX3349930	Turkey	Asia	Turkey: Sirnak	Illumina HiSeq 4000	mountain slope-field side or border	37.426824 N 42.502499 E	CudiB_016.P3TGACCA_B04_ATGC	PAIRED	RANDOM	GENOMIC	Cicer reticulatum	ILLUMINA	2019-11-01T00:00:00Z	2017-11-01T12:14:00Z	1	CudiB_016	SRP123332	leaf	CudiB_016	23/05/2013		
SRR6242248	1366 m	WGS	294	2860034058	USAID Feed the Future Innovation Lab for Climate Resilient Chickpea	PRJNA416007	SAMN07948336	Plant	1284348848	COOK LAB - UNIVERSITY OF CALIFORNIA AT DAVIS	USAID Feed the Future Innovation Lab for Climate Resilient Chickpea	public	"fastq,run.zq,sra"	"gs,ncbi,s3"	"gs.us-east1,ncbi.public,s3.us-east-1"	flowering	SRX3349929	Turkey	Asia	Turkey: Sirnak	Illumina HiSeq 4000	mountain slope-field side or border	37.426821 N 42.502537 E	CudiB_011.PAGGCTAC_B11_ATGC	PAIRED	RANDOM	GENOMIC	Cicer reticulatum	ILLUMINA	2019-11-01T00:00:00Z	2017-11-01T12:22:00Z	1	CudiB_011	SRP123332	leaf	CudiB_011	23/05/2013		
SRR6242249	1367 m	WGS	292	580776028	USAID Feed the Future Innovation Lab for Climate Resilient Chickpea	PRJNA416007	SAMN07948341	Plant	245742473	COOK LAB - UNIVERSITY OF CALIFORNIA AT DAVIS	USAID Feed the Future Innovation Lab for Climate Resilient Chickpea	public	"fastq,run.zq,sra"	"gs,ncbi,s3"	"gs.us-east1,ncbi.public,s3.us-east-1"	flowering	SRX3349928	Turkey	Asia	Turkey: Sirnak	Illumina HiSeq 4000	mountain slope-field side or border	37.426812 N 42.502489 E	CudiB_017.P3ACTTGA_F08_TGACA	PAIRED	RANDOM	GENOMIC	Cicer reticulatum	ILLUMINA	2019-11-01T00:00:00Z	2017-11-01T12:09:00Z	1	CudiB_017	SRP123332	leaf	CudiB_017	23/05/2013		
SRR6242250	1368 m	WGS	292	7975951384	USAID Feed the Future Innovation Lab for Climate Resilient Chickpea	PRJNA416007	SAMN07948340	Plant	3113326614	COOK LAB - UNIVERSITY OF CALIFORNIA AT DAVIS	USAID Feed the Future Innovation Lab for Climate Resilient Chickpea	public	"fastq,run.zq,sra"	"gs,ncbi,s3"	"gs.us-east1,ncbi.public,s3.us-east-1"	flowering	SRX3349927	Turkey	Asia	Turkey: Sirnak	Illumina HiSeq 4000	mountain slope-field side or border	37.426824 N 42.502499 E	CudiB_016.PMTGACCA_B04_ATGC	PAIRED	RANDOM	GENOMIC	Cicer reticulatum	ILLUMINA	2019-11-01T00:00:00Z	2017-11-01T12:30:00Z	1	CudiB_016	SRP123332	leaf	CudiB_016	23/05/2013		
SRR6242251	1369 m	WGS	290	704838330	USAID Feed the Future Innovation Lab for Climate Resilient Chickpea	PRJNA416007	SAMN07948342	Plant	305075198	COOK LAB - UNIVERSITY OF CALIFORNIA AT DAVIS	USAID Feed the Future Innovation Lab for Climate Resilient Chickpea	public	"fastq,run.zq,sra"	"gs,ncbi,s3"	"gs.us-east1,ncbi.public,s3.us-east-1"	flowering	SRX3349926	Turkey	Asia	Turkey: Sirnak	Illumina HiSeq 4000	mountain slope-field side or border	37.426838 N 42.502477 E	CudiB_018.P3TTAGGC_H03_CTAGGA	PAIRED	RANDOM	GENOMIC	Cicer reticulatum	ILLUMINA	2019-11-01T00:00:00Z	2017-11-01T12:10:00Z	1	CudiB_018	SRP123332	leaf	CudiB_018	23/05/2013		
SRR6242252	1367 m	WGS	290	5381583650	USAID Feed the Future Innovation Lab for Climate Resilient Chickpea	PRJNA416007	SAMN07948341	Plant	1964764691	COOK LAB - UNIVERSITY OF CALIFORNIA AT DAVIS	USAID Feed the Future Innovation Lab for Climate Resilient Chickpea	public	"fastq,run.zq,sra"	"gs,ncbi,s3"	"gs.us-east1,ncbi.public,s3.us-east-1"	flowering	SRX3349925	Turkey	Asia	Turkey: Sirnak	Illumina HiSeq 4000	mountain slope-field side or border	37.426812 N 42.502489 E	CudiB_017.PXACTTGA_F08_TGACA	PAIRED	RANDOM	GENOMIC	Cicer reticulatum	ILLUMINA	2019-11-01T00:00:00Z	2017-11-01T12:18:00Z	1	CudiB_017	SRP123332	leaf	CudiB_017	23/05/2013		
SRR6242253	1369 m	WGS	290	903783260	USAID Feed the Future Innovation Lab for Climate Resilient Chickpea	PRJNA416007	SAMN07948343	Plant	398941039	COOK LAB - UNIVERSITY OF CALIFORNIA AT DAVIS	USAID Feed the Future Innovation Lab for Climate Resilient Chickpea	public	"fastq,run.zq,sra"	"gs,ncbi,s3"	"gs.us-east1,ncbi.public,s3.us-east-1"	flowering	SRX3349924	Turkey	Asia	Turkey: Sirnak	Illumina HiSeq 4000	mountain slope-field side or border	37.426787 N 42.50245 E	CudiB_019.P3TGACCA_G04_CAGTGC	PAIRED	RANDOM	GENOMIC	Cicer reticulatum	ILLUMINA	2019-11-01T00:00:00Z	2017-11-01T12:11:00Z	1	CudiB_019	SRP123332	leaf	CudiB_019	23/05/2013		
SRR6242254	1369 m	WGS	288	7917670368	USAID Feed the Future Innovation Lab for Climate Resilient Chickpea	PRJNA416007	SAMN07948342	Plant	3218250861	COOK LAB - UNIVERSITY OF CALIFORNIA AT DAVIS	USAID Feed the Future Innovation Lab for Climate Resilient Chickpea	public	"fastq,run.zq,sra"	"gs,ncbi,s3"	"gs.us-east1,ncbi.public,s3.us-east-1"	flowering	SRX3349923	Turkey	Asia	Turkey: Sirnak	Illumina HiSeq 4000	mountain slope-field side or border	37.426838 N 42.502477 E	CudiB_018.PTTTAGGC_H03_CTAGGA	PAIRED	RANDOM	GENOMIC	Cicer reticulatum	ILLUMINA	2019-11-01T00:00:00Z	2017-11-01T14:00:00Z	1	CudiB_018	SRP123332	leaf	CudiB_018	23/05/2013		
SRR6242256	1286 m	WGS	290	1944085760	USAID Feed the Future Innovation Lab for Climate Resilient Chickpea	PRJNA416007	SAMN07948327	Plant	729150532	COOK LAB - UNIVERSITY OF CALIFORNIA AT DAVIS	USAID Feed the Future Innovation Lab for Climate Resilient Chickpea	public	"fastq,run.zq,sra"	"gs,ncbi,s3"	"gs.us-east1,ncbi.public,s3.us-east-1"	flowering	SRX3349921	Turkey	Asia	Turkey: Sirnak	Illumina HiSeq 4000	mountain slope-field side or border	37.431654 N 42.492942 E	CudiA_155.PRGATCAG_F09_TGACA	PAIRED	RANDOM	GENOMIC	Cicer reticulatum	ILLUMINA	2019-11-01T00:00:00Z	2017-11-01T12:13:00Z	1	CudiA_155	SRP123332	leaf	CudiA_155	23/05/2013		
SRR6242258	1286 m	WGS	250	24729462250	USAID Feed the Future Innovation Lab for Climate Resilient Chickpea	PRJNA416007	SAMN07948324	Plant	9424871026	COOK LAB - UNIVERSITY OF CALIFORNIA AT DAVIS	USAID Feed the Future Innovation Lab for Climate Resilient Chickpea	public	"fastq,run.zq,sra"	"gs,ncbi,s3"	"gs.us-east1,ncbi.public,s3.us-east-1"	flowering	SRX3349919	Turkey	Asia	Turkey: Sirnak	Illumina HiSeq 4000	mountain slope-field side or border	37.431625 N 42.492943 E	CudiA_152.P7_TTAGGC	PAIRED	RANDOM	GENOMIC	Cicer reticulatum	ILLUMINA	2019-11-01T00:00:00Z	2017-11-01T13:18:00Z	1	CudiA_152	SRP123332	leaf	CudiA_152	23/05/2013		
SRR6242259	1286 m	WGS	250	1538908000	USAID Feed the Future Innovation Lab for Climate Resilient Chickpea	PRJNA416007	SAMN07948324	Plant	517645750	COOK LAB - UNIVERSITY OF CALIFORNIA AT DAVIS	USAID Feed the Future Innovation Lab for Climate Resilient Chickpea	public	"fastq,run.zq,sra"	"gs,ncbi,s3"	"gs.us-east1,ncbi.public,s3.us-east-1"	flowering	SRX3349918	Turkey	Asia	Turkey: Sirnak	Illumina HiSeq 4000	mountain slope-field side or border	37.431625 N 42.492943 E	CudiA_152.P2_TAGCTT	PAIRED	RANDOM	GENOMIC	Cicer reticulatum	ILLUMINA	2019-11-01T00:00:00Z	2017-11-01T12:15:00Z	1	CudiA_152	SRP123332	leaf	CudiA_152	23/05/2013		
SRR6242260	1285 m	WGS	288	5534385120	USAID Feed the Future Innovation Lab for Climate Resilient Chickpea	PRJNA416007	SAMN07948323	Plant	2073007519	COOK LAB - UNIVERSITY OF CALIFORNIA AT DAVIS	USAID Feed the Future Innovation Lab for Climate Resilient Chickpea	public	"fastq,run.zq,sra"	"gs,ncbi,s3"	"gs.us-east1,ncbi.public,s3.us-east-1"	flowering	SRX3349917	Turkey	Asia	Turkey: Sirnak	Illumina HiSeq 4000	mountain slope-field side or border	37.431635 N 42.492944 E	CudiA_151.PXTAGCTT_H10_CTAGGA	PAIRED	RANDOM	GENOMIC	Cicer reticulatum	ILLUMINA	2019-11-01T00:00:00Z	2017-11-01T12:25:00Z	1	CudiA_151	SRP123332	leaf	CudiA_151	23/05/2013		
SRR6242261	1286 m	WGS	292	1415532488	USAID Feed the Future Innovation Lab for Climate Resilient Chickpea	PRJNA416007	SAMN07948327	Plant	604903541	COOK LAB - UNIVERSITY OF CALIFORNIA AT DAVIS	USAID Feed the Future Innovation Lab for Climate Resilient Chickpea	public	"fastq,run.zq,sra"	"gs,ncbi,s3"	"gs.us-east1,ncbi.public,s3.us-east-1"	flowering	SRX3349916	Turkey	Asia	Turkey: Sirnak	Illumina HiSeq 4000	mountain slope-field side or border	37.431654 N 42.492942 E	CudiA_155.P2GATCAG_F09_TGACA	PAIRED	RANDOM	GENOMIC	Cicer reticulatum	ILLUMINA	2019-11-01T00:00:00Z	2017-11-01T12:14:00Z	1	CudiA_155	SRP123332	leaf	CudiA_155	23/05/2013		
SRR6242262	1286 m	WGS	294	502805268	USAID Feed the Future Innovation Lab for Climate Resilient Chickpea	PRJNA416007	SAMN07948326	Plant	247549395	COOK LAB - UNIVERSITY OF CALIFORNIA AT DAVIS	USAID Feed the Future Innovation Lab for Climate Resilient Chickpea	public	"fastq,run.zq,sra"	"gs,ncbi,s3"	"gs.us-east1,ncbi.public,s3.us-east-1"	flowering	SRX3349915	Turkey	Asia	Turkey: Sirnak	Illumina HiSeq 4000	mountain slope-field side or border	37.431618 N 42.492966 E	CudiA_154.PKCAGATC_A07_ACTG	PAIRED	RANDOM	GENOMIC	Cicer reticulatum	ILLUMINA	2019-11-01T00:00:00Z	2017-11-01T12:11:00Z	1	CudiA_154	SRP123332	leaf	CudiA_154	23/05/2013		
SRR6242264	1287 m	WGS	290	2962501380	USAID Feed the Future Innovation Lab for Climate Resilient Chickpea	PRJNA416007	SAMN07948325	Plant	1457478595	COOK LAB - UNIVERSITY OF CALIFORNIA AT DAVIS	USAID Feed the Future Innovation Lab for Climate Resilient Chickpea	public	"fastq,run.zq,sra"	"gs,ncbi,s3"	"gs.us-east1,ncbi.public,s3.us-east-1"	flowering	SRX3349913	Turkey	Asia	Turkey: Sirnak	Illumina HiSeq 4000	mountain slope-field side or border	37.431609 N 42.492966 E	CudiA_153.PKCTTGTA_H12_CTAGGA	PAIRED	RANDOM	GENOMIC	Cicer reticulatum	ILLUMINA	2019-11-01T00:00:00Z	2017-11-01T12:16:00Z	1	CudiA_153	SRP123332	leaf	CudiA_153	23/05/2013		
SRR6242265	840 m	WGS	292	817656064	USAID Feed the Future Innovation Lab for Climate Resilient Chickpea	PRJNA416007	SAMN07948430	Plant	353221237	COOK LAB - UNIVERSITY OF CALIFORNIA AT DAVIS	USAID Feed the Future Innovation Lab for Climate Resilient Chickpea	public	"fastq,run.zq,sra"	"gs,ncbi,s3"	"gs.us-east1,ncbi.public,s3.us-east-1"	flowering	SRX3349912	Turkey	Asia	Turkey: Diyarbakir	Illumina HiSeq 4000	mountain slope-field side or border	38.161535 N 40.085491 E	Kalka_061.P2GCCAAT_F06_TGACA	PAIRED	RANDOM	GENOMIC	Cicer reticulatum	ILLUMINA	2019-11-01T00:00:00Z	2017-11-01T12:13:00Z	1	Kalka_061	SRP123332	leaf	Kalka_061	8/05/2013		
SRR6242266	840 m	WGS	290	3156086240	USAID Feed the Future Innovation Lab for Climate Resilient Chickpea	PRJNA416007	SAMN07948430	Plant	1256307192	COOK LAB - UNIVERSITY OF CALIFORNIA AT DAVIS	USAID Feed the Future Innovation Lab for Climate Resilient Chickpea	public	"fastq,run.zq,sra"	"gs,ncbi,s3"	"gs.us-east1,ncbi.public,s3.us-east-1"	flowering	SRX3349911	Turkey	Asia	Turkey: Diyarbakir	Illumina HiSeq 4000	mountain slope-field side or border	38.161535 N 40.085491 E	Kalka_061.PTGCCAAT_F06_TGACA	PAIRED	RANDOM	GENOMIC	Cicer reticulatum	ILLUMINA	2019-11-01T00:00:00Z	2017-11-01T12:17:00Z	1	Kalka_061	SRP123332	leaf	Kalka_061	8/05/2013		
SRR6242267	842 m	WGS	250	20433545750	USAID Feed the Future Innovation Lab for Climate Resilient Chickpea	PRJNA416007	SAMN07948433	Plant	6609195848	COOK LAB - UNIVERSITY OF CALIFORNIA AT DAVIS	USAID Feed the Future Innovation Lab for Climate Resilient Chickpea	public	"fastq,run.zq,sra"	"gs,ncbi,s3"	"gs.us-east1,ncbi.public,s3.us-east-1"	flowering	SRX3349910	Turkey	Asia	Turkey: Diyarbakir	Illumina HiSeq 4000	mountain slope-field side or border	38.161513 N 40.085505 E	Kalka_064.P1_GCCAAT	PAIRED	RANDOM	GENOMIC	Cicer reticulatum	ILLUMINA	2019-11-01T00:00:00Z	2017-11-01T12:50:00Z	1	Kalka_064	SRP123332	leaf	Kalka_064	8/05/2013		
SRR6242269	989 m	WGS	294	1857326478	USAID Feed the Future Innovation Lab for Climate Resilient Chickpea	PRJNA416007	SAMN07948387	Plant	793389042	COOK LAB - UNIVERSITY OF CALIFORNIA AT DAVIS	USAID Feed the Future Innovation Lab for Climate Resilient Chickpea	public	"fastq,run.zq,sra"	"gs,ncbi,s3"	"gs.us-east1,ncbi.public,s3.us-east-1"	flowering	SRX3349908	Turkey	Asia	Turkey: Diyarbakir	Illumina HiSeq 4000	mountain slope-field side or border	38.274559 N 40.064521 E	Egill_074.P3GCCAAT_B06_ATGC	PAIRED	RANDOM	GENOMIC	Cicer reticulatum	ILLUMINA	2019-11-01T00:00:00Z	2017-11-01T12:14:00Z	1	Egill_074	SRP123332	leaf	Egill_074	8/05/2013		
SRR6242270	989 m	WGS	294	5657366442	USAID Feed the Future Innovation Lab for Climate Resilient Chickpea	PRJNA416007	SAMN07948387	Plant	2518896797	COOK LAB - UNIVERSITY OF CALIFORNIA AT DAVIS	USAID Feed the Future Innovation Lab for Climate Resilient Chickpea	public	"fastq,run.zq,sra"	"gs,ncbi,s3"	"gs.us-east1,ncbi.public,s3.us-east-1"	flowering	SRX3349907	Turkey	Asia	Turkey: Diyarbakir	Illumina HiSeq 4000	mountain slope-field side or border	38.274559 N 40.064521 E	Egill_074.PAGCCAAT_B06_ATGC	PAIRED	RANDOM	GENOMIC	Cicer reticulatum	ILLUMINA	2019-11-01T00:00:00Z	2017-11-01T12:23:00Z	1	Egill_074	SRP123332	leaf	Egill_074	8/05/2013		
SRR6242271	986 m	WGS	292	799294520	USAID Feed the Future Innovation Lab for Climate Resilient Chickpea	PRJNA416007	SAMN07948388	Plant	341846896	COOK LAB - UNIVERSITY OF CALIFORNIA AT DAVIS	USAID Feed the Future Innovation Lab for Climate Resilient Chickpea	public	"fastq,run.zq,sra"	"gs,ncbi,s3"	"gs.us-east1,ncbi.public,s3.us-east-1"	flowering	SRX3349906	Turkey	Asia	Turkey: Diyarbakir	Illumina HiSeq 4000	mountain slope-field side or border	38.274352 N 40.064408 E	Egill_075.P3TGACCA_F04_TGACA	PAIRED	RANDOM	GENOMIC	Cicer reticulatum	ILLUMINA	2019-11-01T00:00:00Z	2017-11-01T12:14:00Z	1	Egill_075	SRP123332	leaf	Egill_075	8/05/2013		
SRR6242272	986 m	WGS	290	6874844400	USAID Feed the Future Innovation Lab for Climate Resilient Chickpea	PRJNA416007	SAMN07948388	Plant	2608762561	COOK LAB - UNIVERSITY OF CALIFORNIA AT DAVIS	USAID Feed the Future Innovation Lab for Climate Resilient Chickpea	public	"fastq,run.zq,sra"	"gs,ncbi,s3"	"gs.us-east1,ncbi.public,s3.us-east-1"	flowering	SRX3349905	Turkey	Asia	Turkey: Diyarbakir	Illumina HiSeq 4000	mountain slope-field side or border	38.274352 N 40.064408 E	Egill_075.PUTGACCA_F04_TGACA	PAIRED	RANDOM	GENOMIC	Cicer reticulatum	ILLUMINA	2019-11-01T00:00:00Z	2017-11-01T12:35:00Z	1	Egill_075	SRP123332	leaf	Egill_075	8/05/2013		
SRR6242273	853 m	WGS	294	3895202766	USAID Feed the Future Innovation Lab for Climate Resilient Chickpea	PRJNA416007	SAMN07948434	Plant	1733693789	COOK LAB - UNIVERSITY OF CALIFORNIA AT DAVIS	USAID Feed the Future Innovation Lab for Climate Resilient Chickpea	public	"fastq,run.zq,sra"	"gs,ncbi,s3"	"gs.us-east1,ncbi.public,s3.us-east-1"	flowering	SRX3349904	Turkey	Asia	Turkey: Diyarbakir	Illumina HiSeq 4000	mountain slope-field side or border	38.161134 N 40.085998 E	Kalka_065.PACGATGT_B02_ATGC	PAIRED	RANDOM	GENOMIC	Cicer reticulatum	ILLUMINA	2019-11-01T00:00:00Z	2017-11-01T13:12:00Z	1	Kalka_065	SRP123332	leaf	Kalka_065	8/05/2013		
SRR6242275	1693 m	WGS	290	7437138450	USAID Feed the Future Innovation Lab for Climate Resilient Chickpea	PRJNA416007	SAMN07948714	Plant	2747234248	COOK LAB - UNIVERSITY OF CALIFORNIA AT DAVIS	USAID Feed the Future Innovation Lab for Climate Resilient Chickpea	public	"fastq,run.zq,sra"	"gs,ncbi,s3"	"gs.us-east1,ncbi.public,s3.us-east-1"	flowering	SRX3349902	Turkey	Asia	Turkey: Sirnak	Illumina HiSeq 4000	mountain slope-field side or border	37.54366 N 42.453905 E	Sirna_070.PWGCCAAT_D06_TACGA	PAIRED	RANDOM	GENOMIC	Cicer reticulatum	ILLUMINA	2019-11-01T00:00:00Z	2017-11-01T12:35:00Z	1	Sirna_070	SRP123332	leaf	Sirna_070	23/05/2013		
SRR6242277	1692 m	WGS	290	852476460	USAID Feed the Future Innovation Lab for Climate Resilient Chickpea	PRJNA416007	SAMN07948715	Plant	427974725	COOK LAB - UNIVERSITY OF CALIFORNIA AT DAVIS	USAID Feed the Future Innovation Lab for Climate Resilient Chickpea	public	"fastq,run.zq,sra"	"gs,ncbi,s3"	"gs.us-east1,ncbi.public,s3.us-east-1"	flowering	SRX3349900	Turkey	Asia	Turkey: Sirnak	Illumina HiSeq 4000	mountain slope-field side or border	37.543669 N 42.453995 E	Sirna_071.PKCGATGT_G02_CAGTGC	PAIRED	RANDOM	GENOMIC	Cicer reticulatum	ILLUMINA	2019-11-01T00:00:00Z	2017-11-01T12:13:00Z	1	Sirna_071	SRP123332	leaf	Sirna_071	23/05/2013		
SRR6242278	1692 m	WGS	290	455027110	USAID Feed the Future Innovation Lab for Climate Resilient Chickpea	PRJNA416007	SAMN07948715	Plant	205021111	COOK LAB - UNIVERSITY OF CALIFORNIA AT DAVIS	USAID Feed the Future Innovation Lab for Climate Resilient Chickpea	public	"fastq,run.zq,sra"	"gs,ncbi,s3"	"gs.us-east1,ncbi.public,s3.us-east-1"	flowering	SRX3349899	Turkey	Asia	Turkey: Sirnak	Illumina HiSeq 4000	mountain slope-field side or border	37.543669 N 42.453995 E	Sirna_071.P2CGATGT_G02_CAGTGC	PAIRED	RANDOM	GENOMIC	Cicer reticulatum	ILLUMINA	2019-11-01T00:00:00Z	2017-11-01T12:14:00Z	1	Sirna_071	SRP123332	leaf	Sirna_071	23/05/2013		
SRR6242279	1689 m	WGS	290	9450596270	USAID Feed the Future Innovation Lab for Climate Resilient Chickpea	PRJNA416007	SAMN07948719	Plant	3497127474	COOK LAB - UNIVERSITY OF CALIFORNIA AT DAVIS	USAID Feed the Future Innovation Lab for Climate Resilient Chickpea	public	"fastq,run.zq,sra"	"gs,ncbi,s3"	"gs.us-east1,ncbi.public,s3.us-east-1"	flowering	SRX3349898	Turkey	Asia	Turkey: Sirnak	Illumina HiSeq 4000	mountain slope-field side or border	37.543625 N 42.453953 E	Sirna_081.PXCAGATC_D07_TACGA	PAIRED	RANDOM	GENOMIC	Cicer reticulatum	ILLUMINA	2019-11-01T00:00:00Z	2017-11-01T12:35:00Z	1	Sirna_081	SRP123332	leaf	Sirna_081	23/05/2013		
SRR6242281	1691 m	WGS	290	5554155690	USAID Feed the Future Innovation Lab for Climate Resilient Chickpea	PRJNA416007	SAMN07948721	Plant	2128474389	COOK LAB - UNIVERSITY OF CALIFORNIA AT DAVIS	USAID Feed the Future Innovation Lab for Climate Resilient Chickpea	public	"fastq,run.zq,sra"	"gs,ncbi,s3"	"gs.us-east1,ncbi.public,s3.us-east-1"	flowering	SRX3349896	Turkey	Asia	Turkey: Sirnak	Illumina HiSeq 4000	mountain slope-field side or border	37.543659 N 42.453925 E	Sirna_082.PQGGCTAC_D11_TACGA	PAIRED	RANDOM	GENOMIC	Cicer reticulatum	ILLUMINA	2019-11-01T00:00:00Z	2017-11-01T12:24:00Z	1	Sirna_082	SRP123332	leaf	Sirna_082	23/05/2013		
SRR6242283	1693 m	WGS	290	5757829650	USAID Feed the Future Innovation Lab for Climate Resilient Chickpea	PRJNA416007	SAMN07948722	Plant	2139575480	COOK LAB - UNIVERSITY OF CALIFORNIA AT DAVIS	USAID Feed the Future Innovation Lab for Climate Resilient Chickpea	public	"fastq,run.zq,sra"	"gs,ncbi,s3"	"gs.us-east1,ncbi.public,s3.us-east-1"	flowering	SRX3349894	Turkey	Asia	Turkey: Sirnak	Illumina HiSeq 4000	mountain slope-field side or border	37.543692 N 42.453928 E	Sirna_083.PRGGCTAC_F11_TGACA	PAIRED	RANDOM	GENOMIC	Cicer reticulatum	ILLUMINA	2019-11-01T00:00:00Z	2017-11-01T12:31:00Z	1	Sirna_083	SRP123332	leaf	Sirna_083	23/05/2013		
SRR6242286	1694 m	WGS	292	830607140	USAID Feed the Future Innovation Lab for Climate Resilient Chickpea	PRJNA416007	SAMN07948730	Plant	350009370	COOK LAB - UNIVERSITY OF CALIFORNIA AT DAVIS	USAID Feed the Future Innovation Lab for Climate Resilient Chickpea	public	"fastq,run.zq,sra"	"gs,ncbi,s3"	"gs.us-east1,ncbi.public,s3.us-east-1"	flowering	SRX3349891	Turkey	Asia	Turkey: Sirnak	Illumina HiSeq 4000	mountain slope-field side or border	37.543616 N 42.453909 E	Sirna_090.P3CGATGT_F02_TGACA	PAIRED	RANDOM	GENOMIC	Cicer reticulatum	ILLUMINA	2019-11-01T00:00:00Z	2017-11-01T12:14:00Z	1	Sirna_090	SRP123332	leaf	Sirna_090	23/05/2013		
SRR6242287	1688 m	WGS	292	1319064448	USAID Feed the Future Innovation Lab for Climate Resilient Chickpea	PRJNA416007	SAMN07948731	Plant	559378869	COOK LAB - UNIVERSITY OF CALIFORNIA AT DAVIS	USAID Feed the Future Innovation Lab for Climate Resilient Chickpea	public	"fastq,run.zq,sra"	"gs,ncbi,s3"	"gs.us-east1,ncbi.public,s3.us-east-1"	flowering	SRX3349890	Turkey	Asia	Turkey: Sirnak	Illumina HiSeq 4000	mountain slope-field side or border	37.543637 N 42.453977 E	Sirna_101.P3ACAGTG_D05_TACGA	PAIRED	RANDOM	GENOMIC	Cicer reticulatum	ILLUMINA	2019-11-01T00:00:00Z	2017-11-01T12:15:00Z	1	Sirna_101	SRP123332	leaf	Sirna_101	23/05/2013		
SRR6242288	1659 m	WGS	288	6067891008	USAID Feed the Future Innovation Lab for Climate Resilient Chickpea	PRJNA416007	SAMN07948705	Plant	2359335092	COOK LAB - UNIVERSITY OF CALIFORNIA AT DAVIS	USAID Feed the Future Innovation Lab for Climate Resilient Chickpea	public	"fastq,run.zq,sra"	"gs,ncbi,s3"	"gs.us-east1,ncbi.public,s3.us-east-1"	flowering	SRX3349889	Turkey	Asia	Turkey: Sirnak	Illumina HiSeq 4000	mountain slope-field side or border	37.543324 N 42.454628 E	Sirna_061.PYTTAGGC_G03_CAGTGC	PAIRED	RANDOM	GENOMIC	Cicer reticulatum	ILLUMINA	2019-11-01T00:00:00Z	2017-11-01T12:33:00Z	1	Sirna_061	SRP123332	leaf	Sirna_061	23/05/2013		
SRR6242289	1659 m	WGS	290	554737810	USAID Feed the Future Innovation Lab for Climate Resilient Chickpea	PRJNA416007	SAMN07948705	Plant	247882687	COOK LAB - UNIVERSITY OF CALIFORNIA AT DAVIS	USAID Feed the Future Innovation Lab for Climate Resilient Chickpea	public	"fastq,run.zq,sra"	"gs,ncbi,s3"	"gs.us-east1,ncbi.public,s3.us-east-1"	flowering	SRX3349888	Turkey	Asia	Turkey: Sirnak	Illumina HiSeq 4000	mountain slope-field side or border	37.543324 N 42.454628 E	Sirna_061.P3TTAGGC_G03_CAGTGC	PAIRED	RANDOM	GENOMIC	Cicer reticulatum	ILLUMINA	2019-11-01T00:00:00Z	2017-11-01T12:14:00Z	1	Sirna_061	SRP123332	leaf	Sirna_061	23/05/2013		
SRR6242290	1688 m	WGS	290	2609414490	USAID Feed the Future Innovation Lab for Climate Resilient Chickpea	PRJNA416007	SAMN07948732	Plant	986787167	COOK LAB - UNIVERSITY OF CALIFORNIA AT DAVIS	USAID Feed the Future Innovation Lab for Climate Resilient Chickpea	public	"fastq,run.zq,sra"	"gs,ncbi,s3"	"gs.us-east1,ncbi.public,s3.us-east-1"	flowering	SRX3349887	Turkey	Asia	Turkey: Sirnak	Illumina HiSeq 4000	mountain slope-field side or border	37.543634 N 42.453984 E	Sirna_103.PNTGACCA_D04_TACGA	PAIRED	RANDOM	GENOMIC	Cicer reticulatum	ILLUMINA	2019-11-01T00:00:00Z	2017-11-01T12:27:00Z	1	Sirna_103	SRP123332	leaf	Sirna_103	23/05/2013		
SRR6242292	1688 m	WGS	288	3736197792	USAID Feed the Future Innovation Lab for Climate Resilient Chickpea	PRJNA416007	SAMN07948733	Plant	1478787205	COOK LAB - UNIVERSITY OF CALIFORNIA AT DAVIS	USAID Feed the Future Innovation Lab for Climate Resilient Chickpea	public	"fastq,run.zq,sra"	"gs,ncbi,s3"	"gs.us-east1,ncbi.public,s3.us-east-1"	flowering	SRX3349885	Turkey	Asia	Turkey: Sirnak	Illumina HiSeq 4000	mountain slope-field side or border	37.543634 N 42.453984 E	Sirna_104.PLTGACCA_H04_CTAGGA	PAIRED	RANDOM	GENOMIC	Cicer reticulatum	ILLUMINA	2019-11-01T00:00:00Z	2017-11-01T12:23:00Z	1	Sirna_104	SRP123332	leaf	Sirna_104	23/05/2013		
SRR6242294	1691 m	WGS	290	8990813740	USAID Feed the Future Innovation Lab for Climate Resilient Chickpea	PRJNA416007	SAMN07948734	Plant	3299577601	COOK LAB - UNIVERSITY OF CALIFORNIA AT DAVIS	USAID Feed the Future Innovation Lab for Climate Resilient Chickpea	public	"fastq,run.zq,sra"	"gs,ncbi,s3"	"gs.us-east1,ncbi.public,s3.us-east-1"	flowering	SRX3349883	Turkey	Asia	Turkey: Sirnak	Illumina HiSeq 4000	mountain slope-field side or border	37.543649 N 42.45399 E	Sirna_105.PXTTAGGC_D03_TACGA	PAIRED	RANDOM	GENOMIC	Cicer reticulatum	ILLUMINA	2019-11-01T00:00:00Z	2017-11-01T12:44:00Z	1	Sirna_105	SRP123332	leaf	Sirna_105	23/05/2013		
SRR6242295	1003 m	WGS	292	4404216728	USAID Feed the Future Innovation Lab for Climate Resilient Chickpea	PRJNA416007	SAMN07948649	Plant	1666374848	COOK LAB - UNIVERSITY OF CALIFORNIA AT DAVIS	USAID Feed the Future Innovation Lab for Climate Resilient Chickpea	public	"fastq,run.zq,sra"	"gs,ncbi,s3"	"gs.us-east1,ncbi.public,s3.us-east-1"	flowering	SRX3349882	Turkey	Asia	Turkey: Mardin	Illumina HiSeq 4000	mountain slope-field side or border	37.547161 N 41.020057 E	Sarik_080.PSTTAGGC_B03_ATGC	PAIRED	RANDOM	GENOMIC	Cicer reticulatum	ILLUMINA	2019-11-01T00:00:00Z	2017-11-01T12:29:00Z	1	Sarik_080	SRP123332	leaf	Sarik_080	16/05/2013		
SRR6242297	1002 m	WGS	288	7938363456	USAID Feed the Future Innovation Lab for Climate Resilient Chickpea	PRJNA416007	SAMN07948648	Plant	3269219687	COOK LAB - UNIVERSITY OF CALIFORNIA AT DAVIS	USAID Feed the Future Innovation Lab for Climate Resilient Chickpea	public	"fastq,run.zq,sra"	"gs,ncbi,s3"	"gs.us-east1,ncbi.public,s3.us-east-1"	flowering	SRX3349880	Turkey	Asia	Turkey: Mardin	Illumina HiSeq 4000	mountain slope-field side or border	37.547256 N 41.020071 E	Sarik_078.PTCAGATC_G07_CAGTGC	PAIRED	RANDOM	GENOMIC	Cicer reticulatum	ILLUMINA	2019-11-01T00:00:00Z	2017-11-01T12:35:00Z	1	Sarik_078	SRP123332	leaf	Sarik_078	16/05/2013		
SRR6242298	1659 m	WGS	250	22221065250	USAID Feed the Future Innovation Lab for Climate Resilient Chickpea	PRJNA416007	SAMN07948704	Plant	7550026585	COOK LAB - UNIVERSITY OF CALIFORNIA AT DAVIS	USAID Feed the Future Innovation Lab for Climate Resilient Chickpea	public	"fastq,run.zq,sra"	"gs,ncbi,s3"	"gs.us-east1,ncbi.public,s3.us-east-1"	flowering	SRX3349879	Turkey	Asia	Turkey: Sirnak	Illumina HiSeq 4000	mountain slope-field side or border	37.543338 N 42.454614 E	Sirna_060.P2_TTAGGC	PAIRED	RANDOM	GENOMIC	Cicer reticulatum	ILLUMINA	2019-11-01T00:00:00Z	2017-11-01T13:03:00Z	1	Sirna_060	SRP123332	leaf	Sirna_060	23/05/2013		
SRR6242299	916.205505 m	WGS	288	23526190080	USAID Feed the Future Innovation Lab for Climate Resilient Chickpea	PRJNA416007	SAMN07948663	Plant	9286620022	COOK LAB - UNIVERSITY OF CALIFORNIA AT DAVIS	USAID Feed the Future Innovation Lab for Climate Resilient Chickpea	public	"fastq,run.zq,sra"	"gs,ncbi,s3"	"gs.us-east1,ncbi.public,s3.us-east-1"	flowering	SRX3349878	Turkey	Asia	Turkey: Mardin	Illumina HiSeq 4000	mountain slope-field side or border	37.54649997 N 40.90780198 E	Savur_071.PLCGATGT_H02_CTAGGA	PAIRED	RANDOM	GENOMIC	Cicer reticulatum	ILLUMINA	2019-11-01T00:00:00Z	2017-11-01T13:20:00Z	1	Savur_071	SRP123332	leaf	Savur_071	19/05/2013		
SRR6242300	916.205505 m	WGS	290	1591669930	USAID Feed the Future Innovation Lab for Climate Resilient Chickpea	PRJNA416007	SAMN07948663	Plant	680577853	COOK LAB - UNIVERSITY OF CALIFORNIA AT DAVIS	USAID Feed the Future Innovation Lab for Climate Resilient Chickpea	public	"fastq,run.zq,sra"	"gs,ncbi,s3"	"gs.us-east1,ncbi.public,s3.us-east-1"	flowering	SRX3349877	Turkey	Asia	Turkey: Mardin	Illumina HiSeq 4000	mountain slope-field side or border	37.54649997 N 40.90780198 E	Savur_071.P3CGATGT_H02_CTAGGA	PAIRED	RANDOM	GENOMIC	Cicer reticulatum	ILLUMINA	2019-11-01T00:00:00Z	2017-11-01T12:16:00Z	1	Savur_071	SRP123332	leaf	Savur_071	19/05/2013		
SRR6242301	916.700928 m	WGS	250	7764192000	USAID Feed the Future Innovation Lab for Climate Resilient Chickpea	PRJNA416007	SAMN07948662	Plant	2464545175	COOK LAB - UNIVERSITY OF CALIFORNIA AT DAVIS	USAID Feed the Future Innovation Lab for Climate Resilient Chickpea	public	"fastq,run.zq,sra"	"gs,ncbi,s3"	"gs.us-east1,ncbi.public,s3.us-east-1"	flowering	SRX3349876	Turkey	Asia	Turkey: Mardin	Illumina HiSeq 4000	mountain slope-field side or border	37.54660801 N 40.90765798 E	Savur_063.P4_GGCTAC	PAIRED	RANDOM	GENOMIC	Cicer reticulatum	ILLUMINA	2019-11-01T00:00:00Z	2017-11-01T12:29:00Z	1	Savur_063	SRP123332	leaf	Savur_063	19/05/2013		
SRR6242311	1688 m	WGS	290	7606181480	USAID Feed the Future Innovation Lab for Climate Resilient Chickpea	PRJNA416007	SAMN07948731	Plant	2923574952	COOK LAB - UNIVERSITY OF CALIFORNIA AT DAVIS	USAID Feed the Future Innovation Lab for Climate Resilient Chickpea	public	"fastq,run.zq,sra"	"gs,ncbi,s3"	"gs.us-east1,ncbi.public,s3.us-east-1"	flowering	SRX3349866	Turkey	Asia	Turkey: Sirnak	Illumina HiSeq 4000	mountain slope-field side or border	37.543637 N 42.453977 E	Sirna_101.PMACAGTG_D05_TACGA	PAIRED	RANDOM	GENOMIC	Cicer reticulatum	ILLUMINA	2019-11-01T00:00:00Z	2017-11-01T12:35:00Z	1	Sirna_101	SRP123332	leaf	Sirna_101	23/05/2013		
SRR6242312	1688 m	WGS	292	2206473764	USAID Feed the Future Innovation Lab for Climate Resilient Chickpea	PRJNA416007	SAMN07948732	Plant	951222408	COOK LAB - UNIVERSITY OF CALIFORNIA AT DAVIS	USAID Feed the Future Innovation Lab for Climate Resilient Chickpea	public	"fastq,run.zq,sra"	"gs,ncbi,s3"	"gs.us-east1,ncbi.public,s3.us-east-1"	flowering	SRX3349865	Turkey	Asia	Turkey: Sirnak	Illumina HiSeq 4000	mountain slope-field side or border	37.543634 N 42.453984 E	Sirna_103.P2TGACCA_D04_TACGA	PAIRED	RANDOM	GENOMIC	Cicer reticulatum	ILLUMINA	2019-11-01T00:00:00Z	2017-11-01T12:18:00Z	1	Sirna_103	SRP123332	leaf	Sirna_103	23/05/2013		
SRR6242314	994 m	WGS	290	5927481680	USAID Feed the Future Innovation Lab for Climate Resilient Chickpea	PRJNA416007	SAMN07948364	Plant	2229744475	COOK LAB - UNIVERSITY OF CALIFORNIA AT DAVIS	USAID Feed the Future Innovation Lab for Climate Resilient Chickpea	public	"fastq,run.zq,sra"	"gs,ncbi,s3"	"gs.us-east1,ncbi.public,s3.us-east-1"	flowering	SRX3349863	Turkey	Asia	Turkey: Mardin	Illumina HiSeq 4000	mountain slope-field side or border	37.544289 N 41.016068 E	Derei_065.PRGCCAAT_F06_TGACA	PAIRED	RANDOM	GENOMIC	Cicer reticulatum	ILLUMINA	2019-11-01T00:00:00Z	2017-11-01T12:32:00Z	1	Derei_065	SRP123332	leaf	Derei_065	19/05/2013		
SRR6242315	1369 m	WGS	288	6219088704	USAID Feed the Future Innovation Lab for Climate Resilient Chickpea	PRJNA416007	SAMN07948343	Plant	2499508062	COOK LAB - UNIVERSITY OF CALIFORNIA AT DAVIS	USAID Feed the Future Innovation Lab for Climate Resilient Chickpea	public	"fastq,run.zq,sra"	"gs,ncbi,s3"	"gs.us-east1,ncbi.public,s3.us-east-1"	flowering	SRX3349862	Turkey	Asia	Turkey: Sirnak	Illumina HiSeq 4000	mountain slope-field side or border	37.426787 N 42.50245 E	CudiB_019.PMTGACCA_G04_CAGTGC	PAIRED	RANDOM	GENOMIC	Cicer reticulatum	ILLUMINA	2019-11-01T00:00:00Z	2017-11-01T12:27:00Z	1	CudiB_019	SRP123332	leaf	CudiB_019	23/05/2013		
SRR6242316	1367 m	WGS	250	28477735500	USAID Feed the Future Innovation Lab for Climate Resilient Chickpea	PRJNA416007	SAMN07948347	Plant	10851570280	COOK LAB - UNIVERSITY OF CALIFORNIA AT DAVIS	USAID Feed the Future Innovation Lab for Climate Resilient Chickpea	public	"fastq,run.zq,sra"	"gs,ncbi,s3"	"gs.us-east1,ncbi.public,s3.us-east-1"	flowering	SRX3349861	Turkey	Asia	Turkey: Sirnak	Illumina HiSeq 4000	mountain slope-field side or border	37.426867 N 42.50263 E	CudiB_022C.P7_TGACCA	PAIRED	RANDOM	GENOMIC	Cicer reticulatum	ILLUMINA	2019-11-01T00:00:00Z	2017-11-01T13:19:00Z	1	CudiB_022C	SRP123332	leaf	CudiB_022C	23/05/2013		
SRR6242318	1363 m	WGS	288	4439539584	USAID Feed the Future Innovation Lab for Climate Resilient Chickpea	PRJNA416007	SAMN07948348	Plant	1686047413	COOK LAB - UNIVERSITY OF CALIFORNIA AT DAVIS	USAID Feed the Future Innovation Lab for Climate Resilient Chickpea	public	"fastq,run.zq,sra"	"gs,ncbi,s3"	"gs.us-east1,ncbi.public,s3.us-east-1"	flowering	SRX3349859	Turkey	Asia	Turkey: Sirnak	Illumina HiSeq 4000	mountain slope-field side or border	37.426859 N 42.502637 E	CudiB_023.POTTAGGC_H03_CTAGGA	PAIRED	RANDOM	GENOMIC	Cicer reticulatum	ILLUMINA	2019-11-01T00:00:00Z	2017-11-01T12:24:00Z	1	CudiB_023	SRP123332	leaf	CudiB_023	23/05/2013		
SRR6242320	994 m	WGS	294	3749486076	USAID Feed the Future Innovation Lab for Climate Resilient Chickpea	PRJNA416007	SAMN07948361	Plant	1671483725	COOK LAB - UNIVERSITY OF CALIFORNIA AT DAVIS	USAID Feed the Future Innovation Lab for Climate Resilient Chickpea	public	"fastq,run.zq,sra"	"gs,ncbi,s3"	"gs.us-east1,ncbi.public,s3.us-east-1"	flowering	SRX3349857	Turkey	Asia	Turkey: Mardin	Illumina HiSeq 4000	mountain slope-field side or border	37.544417 N 41.016076 E	Derei_062.PAATCACG_C01_AGCT	PAIRED	RANDOM	GENOMIC	Cicer reticulatum	ILLUMINA	2019-11-01T00:00:00Z	2017-11-01T12:21:00Z	1	Derei_062	SRP123332	leaf	Derei_062	19/05/2013		
SRR6242321	992 m	WGS	294	1159488960	USAID Feed the Future Innovation Lab for Climate Resilient Chickpea	PRJNA416007	SAMN07948362	Plant	488946021	COOK LAB - UNIVERSITY OF CALIFORNIA AT DAVIS	USAID Feed the Future Innovation Lab for Climate Resilient Chickpea	public	"fastq,run.zq,sra"	"gs,ncbi,s3"	"gs.us-east1,ncbi.public,s3.us-east-1"	flowering	SRX3349856	Turkey	Asia	Turkey: Mardin	Illumina HiSeq 4000	mountain slope-field side or border	37.54427500 N 41.01622299 E	Derei_063.P3ACAGTG_A05_ACTG	PAIRED	RANDOM	GENOMIC	Cicer reticulatum	ILLUMINA	2019-11-01T00:00:00Z	2017-11-01T12:17:00Z	1	Derei_063	SRP123332	leaf	Derei_063	19/05/2013		
SRR6242322	992 m	WGS	292	9520417640	USAID Feed the Future Innovation Lab for Climate Resilient Chickpea	PRJNA416007	SAMN07948362	Plant	3617257157	COOK LAB - UNIVERSITY OF CALIFORNIA AT DAVIS	USAID Feed the Future Innovation Lab for Climate Resilient Chickpea	public	"fastq,run.zq,sra"	"gs,ncbi,s3"	"gs.us-east1,ncbi.public,s3.us-east-1"	flowering	SRX3349855	Turkey	Asia	Turkey: Mardin	Illumina HiSeq 4000	mountain slope-field side or border	37.54427500 N 41.01622299 E	Derei_063.PMACAGTG_A05_ACTG	PAIRED	RANDOM	GENOMIC	Cicer reticulatum	ILLUMINA	2019-11-01T00:00:00Z	2017-11-01T12:35:00Z	1	Derei_063	SRP123332	leaf	Derei_063	19/05/2013		
SRR6242323	916.700928 m	WGS	250	17142702500	USAID Feed the Future Innovation Lab for Climate Resilient Chickpea	PRJNA416007	SAMN07948662	Plant	5585933653	COOK LAB - UNIVERSITY OF CALIFORNIA AT DAVIS	USAID Feed the Future Innovation Lab for Climate Resilient Chickpea	public	"fastq,run.zq,sra"	"gs,ncbi,s3"	"gs.us-east1,ncbi.public,s3.us-east-1"	flowering	SRX3349854	Turkey	Asia	Turkey: Mardin	Illumina HiSeq 4000	mountain slope-field side or border	37.54660801 N 40.90765798 E	Savur_063.P1_GGCTAC	PAIRED	RANDOM	GENOMIC	Cicer reticulatum	ILLUMINA	2019-11-01T00:00:00Z	2017-11-01T12:50:00Z	1	Savur_063	SRP123332	leaf	Savur_063	19/05/2013		
SRR6242324	1695 m	WGS	294	956678646	USAID Feed the Future Innovation Lab for Climate Resilient Chickpea	PRJNA416007	SAMN07948735	Plant	407384543	COOK LAB - UNIVERSITY OF CALIFORNIA AT DAVIS	USAID Feed the Future Innovation Lab for Climate Resilient Chickpea	public	"fastq,run.zq,sra"	"gs,ncbi,s3"	"gs.us-east1,ncbi.public,s3.us-east-1"	flowering	SRX3349853	Turkey	Asia	Turkey: Sirnak	Illumina HiSeq 4000	mountain slope-field side or border	37.543623 N 42.45392 E	Sirna_110.P2TGACCA_A04_ACTG	PAIRED	RANDOM	GENOMIC	Cicer reticulatum	ILLUMINA	2019-11-01T00:00:00Z	2017-11-01T12:16:00Z	1	Sirna_110	SRP123332	leaf	Sirna_110	23/05/2013		
SRR6242326	934 m	WGS	288	5129146368	USAID Feed the Future Innovation Lab for Climate Resilient Chickpea	PRJNA416007	SAMN07948596	Plant	1988034546	COOK LAB - UNIVERSITY OF CALIFORNIA AT DAVIS	USAID Feed the Future Innovation Lab for Climate Resilient Chickpea	public	"fastq,run.zq,sra"	"gs,ncbi,s3"	"gs.us-east1,ncbi.public,s3.us-east-1"	flowering	SRX3349851	Turkey	Asia	Turkey: Adiyaman	Illumina HiSeq 4000	mountain slope-field side or border	37.732892 N 37.802798 E	Oyali_100.PSGCCAAT_G06_CAGTGC	PAIRED	RANDOM	GENOMIC	Cicer reticulatum	ILLUMINA	2019-11-01T00:00:00Z	2017-11-01T12:24:00Z	1	Oyali_100	SRP123332	leaf	Oyali_100			
SRR6242328	939 m	WGS	294	3535940058	USAID Feed the Future Innovation Lab for Climate Resilient Chickpea	PRJNA416007	SAMN07948595	Plant	1563641799	COOK LAB - UNIVERSITY OF CALIFORNIA AT DAVIS	USAID Feed the Future Innovation Lab for Climate Resilient Chickpea	public	"fastq,run.zq,sra"	"gs,ncbi,s3"	"gs.us-east1,ncbi.public,s3.us-east-1"	flowering	SRX3349849	Turkey	Asia	Turkey: Adiyaman	Illumina HiSeq 4000	mountain slope-field side or border	37.73287 N 37.80293 E	Oyali_085.PAATCACG_B01_ATGC	PAIRED	RANDOM	GENOMIC	Cicer reticulatum	ILLUMINA	2019-11-01T00:00:00Z	2017-11-01T12:22:00Z	1	Oyali_085	SRP123332	leaf	Oyali_085			
SRR6242330	940 m	WGS	250	24801314250	USAID Feed the Future Innovation Lab for Climate Resilient Chickpea	PRJNA416007	SAMN07948594	Plant	7960368318	COOK LAB - UNIVERSITY OF CALIFORNIA AT DAVIS	USAID Feed the Future Innovation Lab for Climate Resilient Chickpea	public	"fastq,run.zq,sra"	"gs,ncbi,s3"	"gs.us-east1,ncbi.public,s3.us-east-1"	flowering	SRX3349847	Turkey	Asia	Turkey: Adiyaman	Illumina HiSeq 4000	mountain slope-field side or border	37.732859 N 37.802953 E	Oyali_084.P3_GATCAG	PAIRED	RANDOM	GENOMIC	Cicer reticulatum	ILLUMINA	2019-11-01T00:00:00Z	2017-11-01T13:08:00Z	1	Oyali_084	SRP123332	leaf	Oyali_084	missing		Oyali_084
SRR6242331	941 m	WGS	290	3607553310	USAID Feed the Future Innovation Lab for Climate Resilient Chickpea	PRJNA416007	SAMN07948591	Plant	1354951731	COOK LAB - UNIVERSITY OF CALIFORNIA AT DAVIS	USAID Feed the Future Innovation Lab for Climate Resilient Chickpea	public	"fastq,run.zq,sra"	"gs,ncbi,s3"	"gs.us-east1,ncbi.public,s3.us-east-1"	flowering	SRX3349846	Turkey	Asia	Turkey: Adiyaman	Illumina HiSeq 4000	mountain slope-field side or border	37.732788 N 37.802986 E	Oyali_081.POATCACG_F01_TGACA	PAIRED	RANDOM	GENOMIC	Cicer reticulatum	ILLUMINA	2019-11-01T00:00:00Z	2017-11-01T12:27:00Z	1	Oyali_081	SRP123332	leaf	Oyali_081			
SRR6242333	931 m	WGS	288	11760651936	USAID Feed the Future Innovation Lab for Climate Resilient Chickpea	PRJNA416007	SAMN07948589	Plant	4540413578	COOK LAB - UNIVERSITY OF CALIFORNIA AT DAVIS	USAID Feed the Future Innovation Lab for Climate Resilient Chickpea	public	"fastq,run.zq,sra"	"gs,ncbi,s3"	"gs.us-east1,ncbi.public,s3.us-east-1"	flowering	SRX3349844	Turkey	Asia	Turkey: Adiyaman	Illumina HiSeq 4000	mountain slope-field side or border	37.73327 N 37.802506 E	Oyali_076.PNATCACG_H01_CTAGGA	PAIRED	RANDOM	GENOMIC	Cicer reticulatum	ILLUMINA	2019-11-01T00:00:00Z	2017-11-01T12:37:00Z	1	Oyali_076	SRP123332	leaf	Oyali_076			
SRR6242334	931 m	WGS	290	1428758950	USAID Feed the Future Innovation Lab for Climate Resilient Chickpea	PRJNA416007	SAMN07948589	Plant	611554497	COOK LAB - UNIVERSITY OF CALIFORNIA AT DAVIS	USAID Feed the Future Innovation Lab for Climate Resilient Chickpea	public	"fastq,run.zq,sra"	"gs,ncbi,s3"	"gs.us-east1,ncbi.public,s3.us-east-1"	flowering	SRX3349843	Turkey	Asia	Turkey: Adiyaman	Illumina HiSeq 4000	mountain slope-field side or border	37.73327 N 37.802506 E	Oyali_076.P3ATCACG_H01_CTAGGA	PAIRED	RANDOM	GENOMIC	Cicer reticulatum	ILLUMINA	2019-11-01T00:00:00Z	2017-11-01T12:19:00Z	1	Oyali_076	SRP123332	leaf	Oyali_076			
SRR6242335	1691 m	WGS	290	4371500310	USAID Feed the Future Innovation Lab for Climate Resilient Chickpea	PRJNA416007	SAMN07948713	Plant	1955289275	COOK LAB - UNIVERSITY OF CALIFORNIA AT DAVIS	USAID Feed the Future Innovation Lab for Climate Resilient Chickpea	public	"fastq,run.zq,sra"	"gs,ncbi,s3"	"gs.us-east1,ncbi.public,s3.us-east-1"	flowering	SRX3349842	Turkey	Asia	Turkey: Sirnak	Illumina HiSeq 4000	mountain slope-field side or border	37.543681 N 42.454001 E	Sirna_069.PAACAGTG_H05_CTAGGA	PAIRED	RANDOM	GENOMIC	Cicer reticulatum	ILLUMINA	2019-11-01T00:00:00Z	2017-11-01T12:32:00Z	1	Sirna_069	SRP123332	leaf	Sirna_069	23/05/2013		
SRR6242336	1226 m	WGS	292	639757692	USAID Feed the Future Innovation Lab for Climate Resilient Chickpea	PRJNA416007	SAMN07948305	Plant	279211459	COOK LAB - UNIVERSITY OF CALIFORNIA AT DAVIS	USAID Feed the Future Innovation Lab for Climate Resilient Chickpea	public	"fastq,run.zq,sra"	"gs,ncbi,s3"	"gs.us-east1,ncbi.public,s3.us-east-1"	flowering	SRX3349841	Turkey	Asia	Turkey: Sirnak	Illumina HiSeq 4000	mountain slope-field side or border	37.43279996 N 42.49246196 E	CudiA_101.P2ATCACG_D01_TACGA	PAIRED	RANDOM	GENOMIC	Cicer reticulatum	ILLUMINA	2019-11-01T00:00:00Z	2017-11-01T12:17:00Z	1	CudiA_101	SRP123332	leaf	CudiA_101	23/05/2013		
SRR6242337	922 m	WGS	292	9022157892	USAID Feed the Future Innovation Lab for Climate Resilient Chickpea	PRJNA416007	SAMN07948262	Plant	3634798252	COOK LAB - UNIVERSITY OF CALIFORNIA AT DAVIS	USAID Feed the Future Innovation Lab for Climate Resilient Chickpea	public	"fastq,run.zq,sra"	"gs,ncbi,s3"	"gs.us-east1,ncbi.public,s3.us-east-1"	flowering	SRX3349840	Turkey	Asia	Turkey: Mardin	Illumina HiSeq 4000	mountain slope-field side or border	37.517041 N 40.852763 E	Besev_083.PTCAGATC_B07_ATGC	PAIRED	RANDOM	GENOMIC	Cicer reticulatum	ILLUMINA	2019-11-01T00:00:00Z	2017-11-01T12:33:00Z	1	Besev_083	SRP123332	leaf	Besev_083	19/05/2013		
SRR6242338	1286 m	WGS	290	1243129080	USAID Feed the Future Innovation Lab for Climate Resilient Chickpea	PRJNA416007	SAMN07948314	Plant	539900997	COOK LAB - UNIVERSITY OF CALIFORNIA AT DAVIS	USAID Feed the Future Innovation Lab for Climate Resilient Chickpea	public	"fastq,run.zq,sra"	"gs,ncbi,s3"	"gs.us-east1,ncbi.public,s3.us-east-1"	flowering	SRX3349839	Turkey	Asia	Turkey: Sirnak	Illumina HiSeq 4000	mountain slope-field side or border	37.43162 N 42.492845 E	CudiA_104.P2CAGATC_H07_CTAGGA	PAIRED	RANDOM	GENOMIC	Cicer reticulatum	ILLUMINA	2019-11-01T00:00:00Z	2017-11-01T12:19:00Z	1	CudiA_104	SRP123332	leaf	CudiA_104	23/05/2013		
SRR6242339	1226 m	WGS	290	3333943530	USAID Feed the Future Innovation Lab for Climate Resilient Chickpea	PRJNA416007	SAMN07948305	Plant	1304238778	COOK LAB - UNIVERSITY OF CALIFORNIA AT DAVIS	USAID Feed the Future Innovation Lab for Climate Resilient Chickpea	public	"fastq,run.zq,sra"	"gs,ncbi,s3"	"gs.us-east1,ncbi.public,s3.us-east-1"	flowering	SRX3349838	Turkey	Asia	Turkey: Sirnak	Illumina HiSeq 4000	mountain slope-field side or border	37.43279996 N 42.49246196 E	CudiA_101.PVATCACG_D01_TACGA	PAIRED	RANDOM	GENOMIC	Cicer reticulatum	ILLUMINA	2019-11-01T00:00:00Z	2017-11-01T12:27:00Z	1	CudiA_101	SRP123332	leaf	CudiA_101	23/05/2013		
SRR6242340	902 m	WGS	250	7438431750	USAID Feed the Future Innovation Lab for Climate Resilient Chickpea	PRJNA416007	SAMN07948258	Plant	2316486899	COOK LAB - UNIVERSITY OF CALIFORNIA AT DAVIS	USAID Feed the Future Innovation Lab for Climate Resilient Chickpea	public	"fastq,run.zq,sra"	"gs,ncbi,s3"	"gs.us-east1,ncbi.public,s3.us-east-1"	flowering	SRX3349837	Turkey	Asia	Turkey: Mardin	Illumina HiSeq 4000	mountain slope-field side or border	37.516581 N 40.855175 E	Besev_079.P4_CGATGT	PAIRED	RANDOM	GENOMIC	Cicer reticulatum	ILLUMINA	2019-11-01T00:00:00Z	2017-11-01T12:30:00Z	1	Besev_079	SRP123332	leaf		19/05/2013	Besev_079	
SRR6242341	902 m	WGS	250	17760400500	USAID Feed the Future Innovation Lab for Climate Resilient Chickpea	PRJNA416007	SAMN07948258	Plant	5688040717	COOK LAB - UNIVERSITY OF CALIFORNIA AT DAVIS	USAID Feed the Future Innovation Lab for Climate Resilient Chickpea	public	"fastq,run.zq,sra"	"gs,ncbi,s3"	"gs.us-east1,ncbi.public,s3.us-east-1"	flowering	SRX3349836	Turkey	Asia	Turkey: Mardin	Illumina HiSeq 4000	mountain slope-field side or border	37.516581 N 40.855175 E	Besev_079.P3_CGATGT	PAIRED	RANDOM	GENOMIC	Cicer reticulatum	ILLUMINA	2019-11-01T00:00:00Z	2017-11-01T14:20:00Z	1	Besev_079	SRP123332	leaf		19/05/2013	Besev_079	
SRR6242342	922 m	WGS	294	755030514	USAID Feed the Future Innovation Lab for Climate Resilient Chickpea	PRJNA416007	SAMN07948262	Plant	321039184	COOK LAB - UNIVERSITY OF CALIFORNIA AT DAVIS	USAID Feed the Future Innovation Lab for Climate Resilient Chickpea	public	"fastq,run.zq,sra"	"gs,ncbi,s3"	"gs.us-east1,ncbi.public,s3.us-east-1"	flowering	SRX3349835	Turkey	Asia	Turkey: Mardin	Illumina HiSeq 4000	mountain slope-field side or border	37.517041 N 40.852763 E	Besev_083.P3CAGATC_B07_ATGC	PAIRED	RANDOM	GENOMIC	Cicer reticulatum	ILLUMINA	2019-11-01T00:00:00Z	2017-11-01T12:18:00Z	1	Besev_083	SRP123332	leaf	Besev_083	19/05/2013		
SRR6242343	902 m	WGS	302	82659683422	USAID Feed the Future Innovation Lab for Climate Resilient Chickpea	PRJNA416007	SAMN07948258	Plant	38639356526	COOK LAB - UNIVERSITY OF CALIFORNIA AT DAVIS	USAID Feed the Future Innovation Lab for Climate Resilient Chickpea	public	"fastq,run.zq,sra"	"gs,ncbi,s3"	"gs.us-east1,ncbi.public,s3.us-east-1"	flowering	SRX3349834	Turkey	Asia	Turkey: Mardin	Illumina HiSeq 4000	mountain slope-field side or border	37.516581 N 40.855175 E	Besev_079.P8_CGATGT	PAIRED	RANDOM	GENOMIC	Cicer reticulatum	ILLUMINA	2019-11-01T00:00:00Z	2017-11-01T17:43:00Z	1	Besev_079	SRP123332	leaf		19/05/2013	Besev_079	
SRR6242344	1287 m	WGS	290	1456054330	USAID Feed the Future Innovation Lab for Climate Resilient Chickpea	PRJNA416007	SAMN07948315	Plant	644083424	COOK LAB - UNIVERSITY OF CALIFORNIA AT DAVIS	USAID Feed the Future Innovation Lab for Climate Resilient Chickpea	public	"fastq,run.zq,sra"	"gs,ncbi,s3"	"gs.us-east1,ncbi.public,s3.us-east-1"	flowering	SRX3349833	Turkey	Asia	Turkey: Sirnak	Illumina HiSeq 4000	mountain slope-field side or border	37.431689 N 42.49307 E	CudiA_105.P3CGATGT_G02_CAGTGC	PAIRED	RANDOM	GENOMIC	Cicer reticulatum	ILLUMINA	2019-11-01T00:00:00Z	2017-11-01T12:20:00Z	1	CudiA_105	SRP123332	leaf	CudiA_105	23/05/2013		
SRR6242345	1286 m	WGS	288	2661834816	USAID Feed the Future Innovation Lab for Climate Resilient Chickpea	PRJNA416007	SAMN07948314	Plant	1006101134	COOK LAB - UNIVERSITY OF CALIFORNIA AT DAVIS	USAID Feed the Future Innovation Lab for Climate Resilient Chickpea	public	"fastq,run.zq,sra"	"gs,ncbi,s3"	"gs.us-east1,ncbi.public,s3.us-east-1"	flowering	SRX3349832	Turkey	Asia	Turkey: Sirnak	Illumina HiSeq 4000	mountain slope-field side or border	37.43162 N 42.492845 E	CudiA_104.PNCAGATC_H07_CTAGGA	PAIRED	RANDOM	GENOMIC	Cicer reticulatum	ILLUMINA	2019-11-01T00:00:00Z	2017-11-01T12:22:00Z	1	CudiA_104	SRP123332	leaf	CudiA_104	23/05/2013		
SRR6242346	975 m	WGS	288	13180178880	USAID Feed the Future Innovation Lab for Climate Resilient Chickpea	PRJNA416007	SAMN07948064	Plant	5206579137	COOK LAB - UNIVERSITY OF CALIFORNIA AT DAVIS	USAID Feed the Future Innovation Lab for Climate Resilient Chickpea	public	"fastq,run.zq,sra"	"gs,ncbi,s3"	"gs.us-east1,ncbi.public,s3.us-east-1"	flowering	SRX3349831	Turkey	Asia	Turkey: Mardin	Illumina HiSeq 4000	mountain slope-field side or border	37.485406 N 41.373274 E	Bari1_069.PNGCCAAT_H06_CTAGGA	PAIRED	RANDOM	GENOMIC	Cicer reticulatum	ILLUMINA	2019-11-01T00:00:00Z	2017-11-01T13:34:00Z	1	Bari1_069	SRP123332	leaf	Bari1_069	21/05/2013		
SRR6242347	975 m	WGS	290	1291628390	USAID Feed the Future Innovation Lab for Climate Resilient Chickpea	PRJNA416007	SAMN07948064	Plant	564637027	COOK LAB - UNIVERSITY OF CALIFORNIA AT DAVIS	USAID Feed the Future Innovation Lab for Climate Resilient Chickpea	public	"fastq,run.zq,sra"	"gs,ncbi,s3"	"gs.us-east1,ncbi.public,s3.us-east-1"	flowering	SRX3349830	Turkey	Asia	Turkey: Mardin	Illumina HiSeq 4000	mountain slope-field side or border	37.485406 N 41.373274 E	Bari1_069.P3GCCAAT_H06_CTAGGA	PAIRED	RANDOM	GENOMIC	Cicer reticulatum	ILLUMINA	2019-11-01T00:00:00Z	2017-11-01T12:21:00Z	1	Bari1_069	SRP123332	leaf	Bari1_069	21/05/2013		
SRR6242348	970 m	WGS	290	1036342840	USAID Feed the Future Innovation Lab for Climate Resilient Chickpea	PRJNA416007	SAMN07948027	Plant	521590711	COOK LAB - UNIVERSITY OF CALIFORNIA AT DAVIS	USAID Feed the Future Innovation Lab for Climate Resilient Chickpea	public	"fastq,run.zq,sra"	"gs,ncbi,s3"	"gs.us-east1,ncbi.public,s3.us-east-1"	flowering	SRX3349829	Turkey	Asia	Turkey: Mardin	Illumina HiSeq 4000	mountain slope-field side or border	37.48545398 N 41.37320900 E	Bari1_002.PKGGCTAC_G11_CAGTGC	PAIRED	RANDOM	GENOMIC	Cicer reticulatum	ILLUMINA	2019-11-01T00:00:00Z	2017-11-01T12:20:00Z	1	Bari1_002	SRP123332	leaf	Bari1_002	21/05/2013		
SRR6242350	975 m	WGS	288	4618871136	USAID Feed the Future Innovation Lab for Climate Resilient Chickpea	PRJNA416007	SAMN07948058	Plant	1718225447	COOK LAB - UNIVERSITY OF CALIFORNIA AT DAVIS	USAID Feed the Future Innovation Lab for Climate Resilient Chickpea	public	"fastq,run.zq,sra"	"gs,ncbi,s3"	"gs.us-east1,ncbi.public,s3.us-east-1"	flowering	SRX3349827	Turkey	Asia	Turkey: Mardin	Illumina HiSeq 4000	mountain slope-field side or border	37.485413 N 41.373285 E	Bari1_063.PRGATCAG_H09_CTAGGA	PAIRED	RANDOM	GENOMIC	Cicer reticulatum	ILLUMINA	2019-11-01T00:00:00Z	2017-11-01T12:25:00Z	1	Bari1_063	SRP123332	leaf	Bari1_063	21/05/2013		
SRR6242351	975 m	WGS	290	1427705670	USAID Feed the Future Innovation Lab for Climate Resilient Chickpea	PRJNA416007	SAMN07948058	Plant	612623034	COOK LAB - UNIVERSITY OF CALIFORNIA AT DAVIS	USAID Feed the Future Innovation Lab for Climate Resilient Chickpea	public	"fastq,run.zq,sra"	"gs,ncbi,s3"	"gs.us-east1,ncbi.public,s3.us-east-1"	flowering	SRX3349826	Turkey	Asia	Turkey: Mardin	Illumina HiSeq 4000	mountain slope-field side or border	37.485413 N 41.373285 E	Bari1_063.P2GATCAG_H09_CTAGGA	PAIRED	RANDOM	GENOMIC	Cicer reticulatum	ILLUMINA	2019-11-01T00:00:00Z	2017-11-01T12:23:00Z	1	Bari1_063	SRP123332	leaf	Bari1_063	21/05/2013		
SRR6242352	975 m	WGS	292	7222280112	USAID Feed the Future Innovation Lab for Climate Resilient Chickpea	PRJNA416007	SAMN07948059	Plant	2832161352	COOK LAB - UNIVERSITY OF CALIFORNIA AT DAVIS	USAID Feed the Future Innovation Lab for Climate Resilient Chickpea	public	"fastq,run.zq,sra"	"gs,ncbi,s3"	"gs.us-east1,ncbi.public,s3.us-east-1"	flowering	SRX3349825	Turkey	Asia	Turkey: Mardin	Illumina HiSeq 4000	mountain slope-field side or border	37.485404 N 41.373273 E	Bari1_064.PRTTAGGC_C03_AGCT	PAIRED	RANDOM	GENOMIC	Cicer reticulatum	ILLUMINA	2019-11-01T00:00:00Z	2017-11-01T12:30:00Z	1	Bari1_064	SRP123332	leaf	Bari1_064	21/05/2013		
SRR6242353	975 m	WGS	294	659248548	USAID Feed the Future Innovation Lab for Climate Resilient Chickpea	PRJNA416007	SAMN07948059	Plant	286946064	COOK LAB - UNIVERSITY OF CALIFORNIA AT DAVIS	USAID Feed the Future Innovation Lab for Climate Resilient Chickpea	public	"fastq,run.zq,sra"	"gs,ncbi,s3"	"gs.us-east1,ncbi.public,s3.us-east-1"	flowering	SRX3349824	Turkey	Asia	Turkey: Mardin	Illumina HiSeq 4000	mountain slope-field side or border	37.485404 N 41.373273 E	Bari1_064.P3TTAGGC_C03_AGCT	PAIRED	RANDOM	GENOMIC	Cicer reticulatum	ILLUMINA	2019-11-01T00:00:00Z	2017-11-01T12:19:00Z	1	Bari1_064	SRP123332	leaf	Bari1_064	21/05/2013		
SRR6242354	975 m	WGS	294	6141359826	USAID Feed the Future Innovation Lab for Climate Resilient Chickpea	PRJNA416007	SAMN07948063	Plant	2752620368	COOK LAB - UNIVERSITY OF CALIFORNIA AT DAVIS	USAID Feed the Future Innovation Lab for Climate Resilient Chickpea	public	"fastq,run.zq,sra"	"gs,ncbi,s3"	"gs.us-east1,ncbi.public,s3.us-east-1"	flowering	SRX3349823	Turkey	Asia	Turkey: Mardin	Illumina HiSeq 4000	mountain slope-field side or border	37.485406 N 41.373274 E	Bari1_068.PACGATGT_C02_AGCT	PAIRED	RANDOM	GENOMIC	Cicer reticulatum	ILLUMINA	2019-11-01T00:00:00Z	2017-11-01T12:28:00Z	1	Bari1_068	SRP123332	leaf	Bari1_068	21/05/2013		
SRR6242355	975 m	WGS	294	2116119096	USAID Feed the Future Innovation Lab for Climate Resilient Chickpea	PRJNA416007	SAMN07948063	Plant	905143037	COOK LAB - UNIVERSITY OF CALIFORNIA AT DAVIS	USAID Feed the Future Innovation Lab for Climate Resilient Chickpea	public	"fastq,run.zq,sra"	"gs,ncbi,s3"	"gs.us-east1,ncbi.public,s3.us-east-1"	flowering	SRX3349822	Turkey	Asia	Turkey: Mardin	Illumina HiSeq 4000	mountain slope-field side or border	37.485406 N 41.373274 E	Bari1_068.P3CGATGT_C02_AGCT	PAIRED	RANDOM	GENOMIC	Cicer reticulatum	ILLUMINA	2019-11-01T00:00:00Z	2017-11-01T12:21:00Z	1	Bari1_068	SRP123332	leaf	Bari1_068	21/05/2013		
SRR6242368	1287 m	WGS	290	5592808340	USAID Feed the Future Innovation Lab for Climate Resilient Chickpea	PRJNA416007	SAMN07948319	Plant	2135935077	COOK LAB - UNIVERSITY OF CALIFORNIA AT DAVIS	USAID Feed the Future Innovation Lab for Climate Resilient Chickpea	public	"fastq,run.zq,sra"	"gs,ncbi,s3"	"gs.us-east1,ncbi.public,s3.us-east-1"	flowering	SRX3349809	Turkey	Asia	Turkey: Sirnak	Illumina HiSeq 4000	mountain slope-field side or border	37.431627 N 42.492843 E	CudiA_124.PNATCACG_D01_TACGA	PAIRED	RANDOM	GENOMIC	Cicer reticulatum	ILLUMINA	2019-11-01T00:00:00Z	2017-11-01T12:31:00Z	1	CudiA_124	SRP123332	leaf	CudiA_124	23/05/2013		
SRR6242370	1286 m	WGS	290	4628694640	USAID Feed the Future Innovation Lab for Climate Resilient Chickpea	PRJNA416007	SAMN07948321	Plant	1724892412	COOK LAB - UNIVERSITY OF CALIFORNIA AT DAVIS	USAID Feed the Future Innovation Lab for Climate Resilient Chickpea	public	"fastq,run.zq,sra"	"gs,ncbi,s3"	"gs.us-east1,ncbi.public,s3.us-east-1"	flowering	SRX3349807	Turkey	Asia	Turkey: Sirnak	Illumina HiSeq 4000	mountain slope-field side or border	37.431625 N 42.492879 E	CudiA_127.POGCCAAT_C06_AGCT	PAIRED	RANDOM	GENOMIC	Cicer reticulatum	ILLUMINA	2019-11-01T00:00:00Z	2017-11-01T12:31:00Z	1	CudiA_127	SRP123332	leaf	CudiA_127	23/05/2013		
SRR6242371	1288 m	WGS	290	970986410	USAID Feed the Future Innovation Lab for Climate Resilient Chickpea	PRJNA416007	SAMN07948322	Plant	428415489	COOK LAB - UNIVERSITY OF CALIFORNIA AT DAVIS	USAID Feed the Future Innovation Lab for Climate Resilient Chickpea	public	"fastq,run.zq,sra"	"gs,ncbi,s3"	"gs.us-east1,ncbi.public,s3.us-east-1"	flowering	SRX3349806	Turkey	Asia	Turkey: Sirnak	Illumina HiSeq 4000	mountain slope-field side or border	37.431594 N 42.492971 E	CudiA_128.P3ACAGTG_G05_CAGTGC	PAIRED	RANDOM	GENOMIC	Cicer reticulatum	ILLUMINA	2019-11-01T00:00:00Z	2017-11-01T12:20:00Z	1	CudiA_128	SRP123332	leaf	CudiA_128	23/05/2013		
SRR6242372	1287 m	WGS	290	9420248060	USAID Feed the Future Innovation Lab for Climate Resilient Chickpea	PRJNA416007	SAMN07948315	Plant	4389010332	COOK LAB - UNIVERSITY OF CALIFORNIA AT DAVIS	USAID Feed the Future Innovation Lab for Climate Resilient Chickpea	public	"fastq,run.zq,sra"	"gs,ncbi,s3"	"gs.us-east1,ncbi.public,s3.us-east-1"	flowering	SRX3349805	Turkey	Asia	Turkey: Sirnak	Illumina HiSeq 4000	mountain slope-field side or border	37.431689 N 42.49307 E	CudiA_105.PACGATGT_G02_CAGTGC	PAIRED	RANDOM	GENOMIC	Cicer reticulatum	ILLUMINA	2019-11-01T00:00:00Z	2017-11-01T12:51:00Z	1	CudiA_105	SRP123332	leaf	CudiA_105	23/05/2013		
SRR6242374	1286 m	WGS	290	9548540	USAID Feed the Future Innovation Lab for Climate Resilient Chickpea	PRJNA416007	SAMN07948318	Plant	3943663	COOK LAB - UNIVERSITY OF CALIFORNIA AT DAVIS	USAID Feed the Future Innovation Lab for Climate Resilient Chickpea	public	"fastq,run.zq,sra"	"gs,ncbi,s3"	"gs.us-east1,ncbi.public,s3.us-east-1"	flowering	SRX3349803	Turkey	Asia	Turkey: Sirnak	Illumina HiSeq 4000	mountain slope-field side or border	37.431604 N 42.492881 E	CudiA_122.PQCGATGT_D02_TACGA	PAIRED	RANDOM	GENOMIC	Cicer reticulatum	ILLUMINA	2019-11-01T00:00:00Z	2017-11-01T12:19:00Z	1	CudiA_122	SRP123332	leaf	CudiA_122	23/05/2013		
SRR6242376	1288 m	WGS	288	9531961920	USAID Feed the Future Innovation Lab for Climate Resilient Chickpea	PRJNA416007	SAMN07948322	Plant	3832232478	COOK LAB - UNIVERSITY OF CALIFORNIA AT DAVIS	USAID Feed the Future Innovation Lab for Climate Resilient Chickpea	public	"fastq,run.zq,sra"	"gs,ncbi,s3"	"gs.us-east1,ncbi.public,s3.us-east-1"	flowering	SRX3349801	Turkey	Asia	Turkey: Sirnak	Illumina HiSeq 4000	mountain slope-field side or border	37.431594 N 42.492971 E	CudiA_128.PNACAGTG_G05_CAGTGC	PAIRED	RANDOM	GENOMIC	Cicer reticulatum	ILLUMINA	2019-11-01T00:00:00Z	2017-11-01T13:26:00Z	1	CudiA_128	SRP123332	leaf	CudiA_128	23/05/2013		
SRR6242379	855 m	WGS	292	3638976416	USAID Feed the Future Innovation Lab for Climate Resilient Chickpea	PRJNA416007	SAMN07948437	Plant	1787215187	COOK LAB - UNIVERSITY OF CALIFORNIA AT DAVIS	USAID Feed the Future Innovation Lab for Climate Resilient Chickpea	public	"fastq,run.zq,sra"	"gs,ncbi,s3"	"gs.us-east1,ncbi.public,s3.us-east-1"	flowering	SRX3349798	Turkey	Asia	Turkey: Diyarbakir	Illumina HiSeq 4000	mountain slope-field side or border	38.161775 N 40.085449 E	Kalka_069.PKGATCAG_D09_TACGA	PAIRED	RANDOM	GENOMIC	Cicer reticulatum	ILLUMINA	2019-11-01T00:00:00Z	2017-11-01T12:26:00Z	1	Kalka_069	SRP123332	leaf	Kalka_069	8/05/2013		
SRR6242381	861 m	WGS	288	4180599360	USAID Feed the Future Innovation Lab for Climate Resilient Chickpea	PRJNA416007	SAMN07948436	Plant	1690483014	COOK LAB - UNIVERSITY OF CALIFORNIA AT DAVIS	USAID Feed the Future Innovation Lab for Climate Resilient Chickpea	public	"fastq,run.zq,sra"	"gs,ncbi,s3"	"gs.us-east1,ncbi.public,s3.us-east-1"	flowering	SRX3349796	Turkey	Asia	Turkey: Diyarbakir	Illumina HiSeq 4000	mountain slope-field side or border	38.161994 N 40.085988 E	Kalka_067.PQTGACCA_G04_CAGTGC	PAIRED	RANDOM	GENOMIC	Cicer reticulatum	ILLUMINA	2019-11-01T00:00:00Z	2017-11-01T12:31:00Z	1	Kalka_067	SRP123332	leaf	Kalka_067	8/05/2013		
SRR6242382	844 m	WGS	292	856928020	USAID Feed the Future Innovation Lab for Climate Resilient Chickpea	PRJNA416007	SAMN07948442	Plant	363831712	COOK LAB - UNIVERSITY OF CALIFORNIA AT DAVIS	USAID Feed the Future Innovation Lab for Climate Resilient Chickpea	public	"fastq,run.zq,sra"	"gs,ncbi,s3"	"gs.us-east1,ncbi.public,s3.us-east-1"	flowering	SRX3349795	Turkey	Asia	Turkey: Diyarbakir	Illumina HiSeq 4000	mountain slope-field side or border	38.161234 N 40.085132 E	Kalka_075.P3GCCAAT_F06_TGACA	PAIRED	RANDOM	GENOMIC	Cicer reticulatum	ILLUMINA	2019-11-01T00:00:00Z	2017-11-01T12:22:00Z	1	Kalka_075	SRP123332	leaf	Kalka_075	8/05/2013		
SRR6242383	854 m	WGS	292	6478797304	USAID Feed the Future Innovation Lab for Climate Resilient Chickpea	PRJNA416007	SAMN07948441	Plant	2499702613	COOK LAB - UNIVERSITY OF CALIFORNIA AT DAVIS	USAID Feed the Future Innovation Lab for Climate Resilient Chickpea	public	"fastq,run.zq,sra"	"gs,ncbi,s3"	"gs.us-east1,ncbi.public,s3.us-east-1"	flowering	SRX3349794	Turkey	Asia	Turkey: Diyarbakir	Illumina HiSeq 4000	mountain slope-field side or border	38.161629 N 40.085449 E	Kalka_074.PSACTTGA_B08_ATGC	PAIRED	RANDOM	GENOMIC	Cicer reticulatum	ILLUMINA	2019-11-01T00:00:00Z	2017-11-01T12:44:00Z	1	Kalka_074	SRP123332	leaf	Kalka_074	8/05/2013		
SRR6242385	855 m	WGS	294	3888845604	USAID Feed the Future Innovation Lab for Climate Resilient Chickpea	PRJNA416007	SAMN07948438	Plant	1748589287	COOK LAB - UNIVERSITY OF CALIFORNIA AT DAVIS	USAID Feed the Future Innovation Lab for Climate Resilient Chickpea	public	"fastq,run.zq,sra"	"gs,ncbi,s3"	"gs.us-east1,ncbi.public,s3.us-east-1"	flowering	SRX3349792	Turkey	Asia	Turkey: Diyarbakir	Illumina HiSeq 4000	mountain slope-field side or border	38.161775 N 40.085449 E	Kalka_070.PATGACCA_C04_AGCT	PAIRED	RANDOM	GENOMIC	Cicer reticulatum	ILLUMINA	2019-11-01T00:00:00Z	2017-11-01T12:30:00Z	1	Kalka_070	SRP123332	leaf	Kalka_070	8/05/2013		
SRR6242386	1083 m	WGS	292	388288168	USAID Feed the Future Innovation Lab for Climate Resilient Chickpea	PRJNA416007	SAMN07948471	Plant	167572035	COOK LAB - UNIVERSITY OF CALIFORNIA AT DAVIS	USAID Feed the Future Innovation Lab for Climate Resilient Chickpea	public	"fastq,run.zq,sra"	"gs,ncbi,s3"	"gs.us-east1,ncbi.public,s3.us-east-1"	flowering	SRX3349791	Turkey	Asia	Turkey: Mardin	Illumina HiSeq 4000	mountain slope-field side or border	37.518809 N 40.938287 E	Kayat_061.P3TTAGGC_F03_TGACA	PAIRED	RANDOM	GENOMIC	Cicer reticulatum	ILLUMINA	2019-11-01T00:00:00Z	2017-11-01T12:21:00Z	1	Kayat_061	SRP123332	leaf	Kayat_061	20/05/2013		
SRR6242387	844 m	WGS	290	7299818230	USAID Feed the Future Innovation Lab for Climate Resilient Chickpea	PRJNA416007	SAMN07948442	Plant	2715763354	COOK LAB - UNIVERSITY OF CALIFORNIA AT DAVIS	USAID Feed the Future Innovation Lab for Climate Resilient Chickpea	public	"fastq,run.zq,sra"	"gs,ncbi,s3"	"gs.us-east1,ncbi.public,s3.us-east-1"	flowering	SRX3349790	Turkey	Asia	Turkey: Diyarbakir	Illumina HiSeq 4000	mountain slope-field side or border	38.161234 N 40.085132 E	Kalka_075.PUGCCAAT_F06_TGACA	PAIRED	RANDOM	GENOMIC	Cicer reticulatum	ILLUMINA	2019-11-01T00:00:00Z	2017-11-01T12:35:00Z	1	Kalka_075	SRP123332	leaf	Kalka_075	8/05/2013		
SRR6242388	961 m	WGS	292	3740290196	USAID Feed the Future Innovation Lab for Climate Resilient Chickpea	PRJNA416007	SAMN07948195	Plant	1443673761	COOK LAB - UNIVERSITY OF CALIFORNIA AT DAVIS	USAID Feed the Future Innovation Lab for Climate Resilient Chickpea	public	"fastq,run.zq,sra"	"gs,ncbi,s3"	"gs.us-east1,ncbi.public,s3.us-east-1"	flowering	SRX3349789	Turkey	Asia	Turkey: Mardin	Illumina HiSeq 4000	mountain slope-field side or border	37.472738 N 41.392452 E	Bari3_091.PLTTAGGC_A03_ACTG	PAIRED	RANDOM	GENOMIC	Cicer reticulatum	ILLUMINA	2019-11-01T00:00:00Z	2017-11-01T12:28:00Z	1	Bari3_091	SRP123332	leaf	Bari3_091	21/05/2013		
SRR6242390	961 m	WGS	250	8119903250	USAID Feed the Future Innovation Lab for Climate Resilient Chickpea	PRJNA416007	SAMN07948189	Plant	2515333433	COOK LAB - UNIVERSITY OF CALIFORNIA AT DAVIS	USAID Feed the Future Innovation Lab for Climate Resilient Chickpea	public	"fastq,run.zq,sra"	"gs,ncbi,s3"	"gs.us-east1,ncbi.public,s3.us-east-1"	flowering	SRX3349787	Turkey	Asia	Turkey: Mardin	Illumina HiSeq 4000	mountain slope-field side or border	37.472592 N 41.392205 E	Bari3_072C.P6_CGATGT	PAIRED	RANDOM	GENOMIC	Cicer reticulatum	ILLUMINA	2019-11-01T00:00:00Z	2017-11-01T12:37:00Z	1	Bari3_072C	SRP123332	leaf	Bari3_072C	21/05/2013		
SRR6242391	961 m	WGS	250	12103356250	USAID Feed the Future Innovation Lab for Climate Resilient Chickpea	PRJNA416007	SAMN07948189	Plant	3837584787	COOK LAB - UNIVERSITY OF CALIFORNIA AT DAVIS	USAID Feed the Future Innovation Lab for Climate Resilient Chickpea	public	"fastq,run.zq,sra"	"gs,ncbi,s3"	"gs.us-east1,ncbi.public,s3.us-east-1"	flowering	SRX3349786	Turkey	Asia	Turkey: Mardin	Illumina HiSeq 4000	mountain slope-field side or border	37.472592 N 41.392205 E	Bari3_072C.P1_CGATGT	PAIRED	RANDOM	GENOMIC	Cicer reticulatum	ILLUMINA	2019-11-01T00:00:00Z	2017-11-01T12:50:00Z	1	Bari3_072C	SRP123332	leaf	Bari3_072C	21/05/2013		
SRR6242392	963 m	WGS	294	3315038454	USAID Feed the Future Innovation Lab for Climate Resilient Chickpea	PRJNA416007	SAMN07948191	Plant	1468991290	COOK LAB - UNIVERSITY OF CALIFORNIA AT DAVIS	USAID Feed the Future Innovation Lab for Climate Resilient Chickpea	public	"fastq,run.zq,sra"	"gs,ncbi,s3"	"gs.us-east1,ncbi.public,s3.us-east-1"	flowering	SRX3349785	Turkey	Asia	Turkey: Mardin	Illumina HiSeq 4000	mountain slope-field side or border	37.472591 N 41.39223 E	Bari3_074.PAATCACG_A01_ACTG	PAIRED	RANDOM	GENOMIC	Cicer reticulatum	ILLUMINA	2019-11-01T00:00:00Z	2017-11-01T12:27:00Z	1	Bari3_074	SRP123332	leaf	Bari3_074	21/05/2013		
SRR6242394	962 m	WGS	294	4081176876	USAID Feed the Future Innovation Lab for Climate Resilient Chickpea	PRJNA416007	SAMN07948192	Plant	1814238912	COOK LAB - UNIVERSITY OF CALIFORNIA AT DAVIS	USAID Feed the Future Innovation Lab for Climate Resilient Chickpea	public	"fastq,run.zq,sra"	"gs,ncbi,s3"	"gs.us-east1,ncbi.public,s3.us-east-1"	flowering	SRX3349783	Turkey	Asia	Turkey: Mardin	Illumina HiSeq 4000	mountain slope-field side or border	37.472571 N 41.392225 E	Bari3_075.PAACAGTG_C05_AGCT	PAIRED	RANDOM	GENOMIC	Cicer reticulatum	ILLUMINA	2019-11-01T00:00:00Z	2017-11-01T12:30:00Z	1	Bari3_075	SRP123332	leaf	Bari3_075	21/05/2013		
SRR6242396	962 m	WGS	292	9883189096	USAID Feed the Future Innovation Lab for Climate Resilient Chickpea	PRJNA416007	SAMN07948194	Plant	3791168114	COOK LAB - UNIVERSITY OF CALIFORNIA AT DAVIS	USAID Feed the Future Innovation Lab for Climate Resilient Chickpea	public	"fastq,run.zq,sra"	"gs,ncbi,s3"	"gs.us-east1,ncbi.public,s3.us-east-1"	flowering	SRX3349781	Turkey	Asia	Turkey: Mardin	Illumina HiSeq 4000	mountain slope-field side or border	37.47254 N 41.392502 E	Bari3_079.PPGCCAAT_A06_ACTG	PAIRED	RANDOM	GENOMIC	Cicer reticulatum	ILLUMINA	2019-11-01T00:00:00Z	2017-11-01T12:47:00Z	1	Bari3_079	SRP123332	leaf	Bari3_079	21/05/2013		
SRR6242405	1668 m	WGS	292	5959175128	USAID Feed the Future Innovation Lab for Climate Resilient Chickpea	PRJNA416007	SAMN07948736	Plant	2241814996	COOK LAB - UNIVERSITY OF CALIFORNIA AT DAVIS	USAID Feed the Future Innovation Lab for Climate Resilient Chickpea	public	"fastq,run.zq,sra"	"gs,ncbi,s3"	"gs.us-east1,ncbi.public,s3.us-east-1"	flowering	SRX3349772	Turkey	Asia	Turkey: Sirnak	Illumina HiSeq 4000	mountain slope-field side or border	37.5436 N 42.453956 E	Sirna_111.PWCGATGT_A02_ACTG	PAIRED	RANDOM	GENOMIC	Cicer reticulatum	ILLUMINA	2019-11-01T00:00:00Z	2017-11-01T12:33:00Z	1	Sirna_111	SRP123332	leaf	Sirna_111	23/05/2013		
SRR6242406	1668 m	WGS	294	694427706	USAID Feed the Future Innovation Lab for Climate Resilient Chickpea	PRJNA416007	SAMN07948736	Plant	299528337	COOK LAB - UNIVERSITY OF CALIFORNIA AT DAVIS	USAID Feed the Future Innovation Lab for Climate Resilient Chickpea	public	"fastq,run.zq,sra"	"gs,ncbi,s3"	"gs.us-east1,ncbi.public,s3.us-east-1"	flowering	SRX3349771	Turkey	Asia	Turkey: Sirnak	Illumina HiSeq 4000	mountain slope-field side or border	37.5436 N 42.453956 E	Sirna_111.P2CGATGT_A02_ACTG	PAIRED	RANDOM	GENOMIC	Cicer reticulatum	ILLUMINA	2019-11-01T00:00:00Z	2017-11-01T12:23:00Z	1	Sirna_111	SRP123332	leaf	Sirna_111	23/05/2013		
SRR6242407	1695 m	WGS	292	4651338664	USAID Feed the Future Innovation Lab for Climate Resilient Chickpea	PRJNA416007	SAMN07948735	Plant	1766302249	COOK LAB - UNIVERSITY OF CALIFORNIA AT DAVIS	USAID Feed the Future Innovation Lab for Climate Resilient Chickpea	public	"fastq,run.zq,sra"	"gs,ncbi,s3"	"gs.us-east1,ncbi.public,s3.us-east-1"	flowering	SRX3349770	Turkey	Asia	Turkey: Sirnak	Illumina HiSeq 4000	mountain slope-field side or border	37.543623 N 42.45392 E	Sirna_110.PRTGACCA_A04_ACTG	PAIRED	RANDOM	GENOMIC	Cicer reticulatum	ILLUMINA	2019-11-01T00:00:00Z	2017-11-01T12:33:00Z	1	Sirna_110	SRP123332	leaf	Sirna_110	23/05/2013		
SRR6242408	1002 m	WGS	292	4431782988	USAID Feed the Future Innovation Lab for Climate Resilient Chickpea	PRJNA416007	SAMN07948646	Plant	1656093190	COOK LAB - UNIVERSITY OF CALIFORNIA AT DAVIS	USAID Feed the Future Innovation Lab for Climate Resilient Chickpea	public	"fastq,run.zq,sra"	"gs,ncbi,s3"	"gs.us-east1,ncbi.public,s3.us-east-1"	flowering	SRX3349769	Turkey	Asia	Turkey: Mardin	Illumina HiSeq 4000	mountain slope-field side or border	37.547307 N 41.020135 E	Sarik_074.PYACTTGA_B08_ATGC	PAIRED	RANDOM	GENOMIC	Cicer reticulatum	ILLUMINA	2019-11-01T00:00:00Z	2017-11-01T12:31:00Z	1	Sarik_074	SRP123332	leaf	Sarik_074	16/05/2013		
SRR6242410	1004 m	WGS	290	3152124260	USAID Feed the Future Innovation Lab for Climate Resilient Chickpea	PRJNA416007	SAMN07948645	Plant	1181167281	COOK LAB - UNIVERSITY OF CALIFORNIA AT DAVIS	USAID Feed the Future Innovation Lab for Climate Resilient Chickpea	public	"fastq,run.zq,sra"	"gs,ncbi,s3"	"gs.us-east1,ncbi.public,s3.us-east-1"	flowering	SRX3349767	Turkey	Asia	Turkey: Mardin	Illumina HiSeq 4000	mountain slope-field side or border	37.54726 N 41.020258 E	Sarik_073.POACAGTG_D05_TACGA	PAIRED	RANDOM	GENOMIC	Cicer reticulatum	ILLUMINA	2019-11-01T00:00:00Z	2017-11-01T12:29:00Z	1	Sarik_073	SRP123332	leaf	Sarik_073	16/05/2013		
SRR6242411	1002 m	WGS	294	324605988	USAID Feed the Future Innovation Lab for Climate Resilient Chickpea	PRJNA416007	SAMN07948646	Plant	137513371	COOK LAB - UNIVERSITY OF CALIFORNIA AT DAVIS	USAID Feed the Future Innovation Lab for Climate Resilient Chickpea	public	"fastq,run.zq,sra"	"gs,ncbi,s3"	"gs.us-east1,ncbi.public,s3.us-east-1"	flowering	SRX3349766	Turkey	Asia	Turkey: Mardin	Illumina HiSeq 4000	mountain slope-field side or border	37.547307 N 41.020135 E	Sarik_074.P3ACTTGA_B08_ATGC	PAIRED	RANDOM	GENOMIC	Cicer reticulatum	ILLUMINA	2019-11-01T00:00:00Z	2017-11-01T12:23:00Z	1	Sarik_074	SRP123332	leaf	Sarik_074	16/05/2013		
SRR6242412	1003 m	WGS	250	9558855250	USAID Feed the Future Innovation Lab for Climate Resilient Chickpea	PRJNA416007	SAMN07948643	Plant	3000841318	COOK LAB - UNIVERSITY OF CALIFORNIA AT DAVIS	USAID Feed the Future Innovation Lab for Climate Resilient Chickpea	public	"fastq,run.zq,sra"	"gs,ncbi,s3"	"gs.us-east1,ncbi.public,s3.us-east-1"	flowering	SRX3349765	Turkey	Asia	Turkey: Mardin	Illumina HiSeq 4000	mountain slope-field side or border	37.547079 N 41.020236 E	Sarik_067.P6_GGCTAC	PAIRED	RANDOM	GENOMIC	Cicer reticulatum	ILLUMINA	2019-11-01T00:00:00Z	2017-11-01T12:59:00Z	1	Sarik_067	SRP123332	leaf	Sarik_067	16/05/2013		
SRR6242414	1003 m	WGS	292	4295331096	USAID Feed the Future Innovation Lab for Climate Resilient Chickpea	PRJNA416007	SAMN07948642	Plant	1650504082	COOK LAB - UNIVERSITY OF CALIFORNIA AT DAVIS	USAID Feed the Future Innovation Lab for Climate Resilient Chickpea	public	"fastq,run.zq,sra"	"gs,ncbi,s3"	"gs.us-east1,ncbi.public,s3.us-east-1"	flowering	SRX3349763	Turkey	Asia	Turkey: Mardin	Illumina HiSeq 4000	mountain slope-field side or border	37.547158 N 41.020148 E	Sarik_066.PRTTAGGC_A03_ACTG	PAIRED	RANDOM	GENOMIC	Cicer reticulatum	ILLUMINA	2019-11-01T00:00:00Z	2017-11-01T12:30:00Z	1	Sarik_066	SRP123332	leaf	Sarik_066	16/05/2013		
SRR6242415	1003 m	WGS	250	14248737000	USAID Feed the Future Innovation Lab for Climate Resilient Chickpea	PRJNA416007	SAMN07948643	Plant	4684181476	COOK LAB - UNIVERSITY OF CALIFORNIA AT DAVIS	USAID Feed the Future Innovation Lab for Climate Resilient Chickpea	public	"fastq,run.zq,sra"	"gs,ncbi,s3"	"gs.us-east1,ncbi.public,s3.us-east-1"	flowering	SRX3349762	Turkey	Asia	Turkey: Mardin	Illumina HiSeq 4000	mountain slope-field side or border	37.547079 N 41.020236 E	Sarik_067.P3_GGCTAC	PAIRED	RANDOM	GENOMIC	Cicer reticulatum	ILLUMINA	2019-11-01T00:00:00Z	2017-11-01T12:49:00Z	1	Sarik_067	SRP123332	leaf	Sarik_067	16/05/2013		
SRR6242416	997 m	WGS	288	6155501472	USAID Feed the Future Innovation Lab for Climate Resilient Chickpea	PRJNA416007	SAMN07948647	Plant	2322195291	COOK LAB - UNIVERSITY OF CALIFORNIA AT DAVIS	USAID Feed the Future Innovation Lab for Climate Resilient Chickpea	public	"fastq,run.zq,sra"	"gs,ncbi,s3"	"gs.us-east1,ncbi.public,s3.us-east-1"	flowering	SRX3349761	Turkey	Asia	Turkey: Mardin	Illumina HiSeq 4000	mountain slope-field side or border	37.547242 N 41.020068 E	Sarik_077.PPGGCTAC_H11_CTAGGA	PAIRED	RANDOM	GENOMIC	Cicer reticulatum	ILLUMINA	2019-11-01T00:00:00Z	2017-11-01T12:48:00Z	1	Sarik_077	SRP123332	leaf	Sarik_077	16/05/2013		
SRR6242417	1002 m	WGS	290	982835230	USAID Feed the Future Innovation Lab for Climate Resilient Chickpea	PRJNA416007	SAMN07948648	Plant	429672706	COOK LAB - UNIVERSITY OF CALIFORNIA AT DAVIS	USAID Feed the Future Innovation Lab for Climate Resilient Chickpea	public	"fastq,run.zq,sra"	"gs,ncbi,s3"	"gs.us-east1,ncbi.public,s3.us-east-1"	flowering	SRX3349760	Turkey	Asia	Turkey: Mardin	Illumina HiSeq 4000	mountain slope-field side or border	37.547256 N 41.020071 E	Sarik_078.P3CAGATC_G07_CAGTGC	PAIRED	RANDOM	GENOMIC	Cicer reticulatum	ILLUMINA	2019-11-01T00:00:00Z	2017-11-01T12:25:00Z	1	Sarik_078	SRP123332	leaf	Sarik_078	16/05/2013		
SRR6242419	976 m	WGS	250	53961651500	USAID Feed the Future Innovation Lab for Climate Resilient Chickpea	PRJNA416007	SAMN07948068	Plant	20507730925	COOK LAB - UNIVERSITY OF CALIFORNIA AT DAVIS	USAID Feed the Future Innovation Lab for Climate Resilient Chickpea	public	"fastq,run.zq,sra"	"gs,ncbi,s3"	"gs.us-east1,ncbi.public,s3.us-east-1"	flowering	SRX3349758	Turkey	Asia	Turkey: Mardin	Illumina HiSeq 4000	mountain slope-field side or border	37.485413 N 41.373284 E	Bari1_092.P7_ATCACG	PAIRED	RANDOM	GENOMIC	Cicer reticulatum	ILLUMINA	2019-11-01T00:00:00Z	2017-11-01T14:19:00Z	1	Bari1_092	SRP123332	leaf	Bari1_092	21/05/2013		
SRR6242420	975 m	WGS	290	5502395910	USAID Feed the Future Innovation Lab for Climate Resilient Chickpea	PRJNA416007	SAMN07948067	Plant	2053643704	COOK LAB - UNIVERSITY OF CALIFORNIA AT DAVIS	USAID Feed the Future Innovation Lab for Climate Resilient Chickpea	public	"fastq,run.zq,sra"	"gs,ncbi,s3"	"gs.us-east1,ncbi.public,s3.us-east-1"	flowering	SRX3349757	Turkey	Asia	Turkey: Mardin	Illumina HiSeq 4000	mountain slope-field side or border	37.485405 N 41.37329 E	Bari1_091.PYCTTGTA_F12_TGACA	PAIRED	RANDOM	GENOMIC	Cicer reticulatum	ILLUMINA	2019-11-01T00:00:00Z	2017-11-01T12:35:00Z	1	Bari1_091	SRP123332	leaf	Bari1_091	21/05/2013		
SRR6242427	959 m	WGS	292	756461916	USAID Feed the Future Innovation Lab for Climate Resilient Chickpea	PRJNA416007	SAMN07948115	Plant	322115816	COOK LAB - UNIVERSITY OF CALIFORNIA AT DAVIS	USAID Feed the Future Innovation Lab for Climate Resilient Chickpea	public	"fastq,run.zq,sra"	"gs,ncbi,s3"	"gs.us-east1,ncbi.public,s3.us-east-1"	flowering	SRX3349750	Turkey	Asia	Turkey: Mardin	Illumina HiSeq 4000	mountain slope-field side or border	37.459153 N 41.377273 E	Bari2_064.P3TGACCA_D04_TACGA	PAIRED	RANDOM	GENOMIC	Cicer reticulatum	ILLUMINA	2019-11-01T00:00:00Z	2017-11-01T12:25:00Z	1	Bari2_064	SRP123332	leaf	Bari2_064	21/05/2013		
SRR6242431	959 m	WGS	288	6452873568	USAID Feed the Future Innovation Lab for Climate Resilient Chickpea	PRJNA416007	SAMN07948113	Plant	2468479137	COOK LAB - UNIVERSITY OF CALIFORNIA AT DAVIS	USAID Feed the Future Innovation Lab for Climate Resilient Chickpea	public	"fastq,run.zq,sra"	"gs,ncbi,s3"	"gs.us-east1,ncbi.public,s3.us-east-1"	flowering	SRX3349746	Turkey	Asia	Turkey: Mardin	Illumina HiSeq 4000	mountain slope-field side or border	37.459179 N 41.377274 E	Bari2_062.PMACAGTG_H05_CTAGGA	PAIRED	RANDOM	GENOMIC	Cicer reticulatum	ILLUMINA	2019-11-01T00:00:00Z	2017-11-01T12:46:00Z	1	Bari2_062	SRP123332	leaf	Bari2_062	21/05/2013		
SRR6242432	959 m	WGS	290	1712704330	USAID Feed the Future Innovation Lab for Climate Resilient Chickpea	PRJNA416007	SAMN07948113	Plant	742763803	COOK LAB - UNIVERSITY OF CALIFORNIA AT DAVIS	USAID Feed the Future Innovation Lab for Climate Resilient Chickpea	public	"fastq,run.zq,sra"	"gs,ncbi,s3"	"gs.us-east1,ncbi.public,s3.us-east-1"	flowering	SRX3349745	Turkey	Asia	Turkey: Mardin	Illumina HiSeq 4000	mountain slope-field side or border	37.459179 N 41.377274 E	Bari2_062.P2ACAGTG_H05_CTAGGA	PAIRED	RANDOM	GENOMIC	Cicer reticulatum	ILLUMINA	2019-11-01T00:00:00Z	2017-11-01T12:28:00Z	1	Bari2_062	SRP123332	leaf	Bari2_062	21/05/2013		
SRR6242433	1695 m	WGS	288	6781293216	USAID Feed the Future Innovation Lab for Climate Resilient Chickpea	PRJNA416007	SAMN07948725	Plant	2556719292	COOK LAB - UNIVERSITY OF CALIFORNIA AT DAVIS	USAID Feed the Future Innovation Lab for Climate Resilient Chickpea	public	"fastq,run.zq,sra"	"gs,ncbi,s3"	"gs.us-east1,ncbi.public,s3.us-east-1"	flowering	SRX3349744	Turkey	Asia	Turkey: Sirnak	Illumina HiSeq 4000	mountain slope-field side or border	37.543639 N 42.453884 E	Sirna_087.PNGATCAG_H09_CTAGGA	PAIRED	RANDOM	GENOMIC	Cicer reticulatum	ILLUMINA	2019-11-01T00:00:00Z	2017-11-01T12:45:00Z	1	Sirna_087	SRP123332	leaf	Sirna_087	23/05/2013		
SRR6242434	959 m	WGS	294	336963984	USAID Feed the Future Innovation Lab for Climate Resilient Chickpea	PRJNA416007	SAMN07948117	Plant	143271979	COOK LAB - UNIVERSITY OF CALIFORNIA AT DAVIS	USAID Feed the Future Innovation Lab for Climate Resilient Chickpea	public	"fastq,run.zq,sra"	"gs,ncbi,s3"	"gs.us-east1,ncbi.public,s3.us-east-1"	flowering	SRX3349743	Turkey	Asia	Turkey: Mardin	Illumina HiSeq 4000	mountain slope-field side or border	37.45915 N 41.377262 E	Bari2_067.P3ACTTGA_A08_ACTG	PAIRED	RANDOM	GENOMIC	Cicer reticulatum	ILLUMINA	2019-11-01T00:00:00Z	2017-11-01T12:25:00Z	1	Bari2_067	SRP123332	leaf	Bari2_067	21/05/2013		
SRR6242440	959 m	WGS	290	10502916370	USAID Feed the Future Innovation Lab for Climate Resilient Chickpea	PRJNA416007	SAMN07948115	Plant	4004154613	COOK LAB - UNIVERSITY OF CALIFORNIA AT DAVIS	USAID Feed the Future Innovation Lab for Climate Resilient Chickpea	public	"fastq,run.zq,sra"	"gs,ncbi,s3"	"gs.us-east1,ncbi.public,s3.us-east-1"	flowering	SRX3349737	Turkey	Asia	Turkey: Mardin	Illumina HiSeq 4000	mountain slope-field side or border	37.459153 N 41.377273 E	Bari2_064.PUTGACCA_D04_TACGA	PAIRED	RANDOM	GENOMIC	Cicer reticulatum	ILLUMINA	2019-11-01T00:00:00Z	2017-11-01T12:52:00Z	1	Bari2_064	SRP123332	leaf	Bari2_064	21/05/2013		
SRR6242444	900 m	WGS	290	4983068840	USAID Feed the Future Innovation Lab for Climate Resilient Chickpea	PRJNA416007	SAMN07948246	Plant	1857112699	COOK LAB - UNIVERSITY OF CALIFORNIA AT DAVIS	USAID Feed the Future Innovation Lab for Climate Resilient Chickpea	public	"fastq,run.zq,sra"	"gs,ncbi,s3"	"gs.us-east1,ncbi.public,s3.us-east-1"	flowering	SRX3349733	Turkey	Asia	Turkey: Mardin	Illumina HiSeq 4000	mountain slope-field side or border	37.517788 N 40.851859 E	Besev_061.POGATCAG_F09_TGACA	PAIRED	RANDOM	GENOMIC	Cicer reticulatum	ILLUMINA	2019-11-01T00:00:00Z	2017-11-01T12:38:00Z	1	Besev_061	SRP123332	leaf	Besev_061	19/05/2013		
SRR6242450	956 m	WGS	288	11925737856	USAID Feed the Future Innovation Lab for Climate Resilient Chickpea	PRJNA416007	SAMN07948213	Plant	4525595008	COOK LAB - UNIVERSITY OF CALIFORNIA AT DAVIS	USAID Feed the Future Innovation Lab for Climate Resilient Chickpea	public	"fastq,run.zq,sra"	"gs,ncbi,s3"	"gs.us-east1,ncbi.public,s3.us-east-1"	flowering	SRX3349727	Turkey	Asia	Turkey: Mardin	Illumina HiSeq 4000	mountain slope-field side or border	37.472563 N 41.392512 E	Bari3_112.PSGGCTAC_H11_CTAGGA	PAIRED	RANDOM	GENOMIC	Cicer reticulatum	ILLUMINA	2019-11-01T00:00:00Z	2017-11-01T12:57:00Z	1	Bari3_112	SRP123332	leaf	Bari3_112	21/05/2013		
SRR6242454	995 m	WGS	294	930489714	USAID Feed the Future Innovation Lab for Climate Resilient Chickpea	PRJNA416007	SAMN07948372	Plant	396880409	COOK LAB - UNIVERSITY OF CALIFORNIA AT DAVIS	USAID Feed the Future Innovation Lab for Climate Resilient Chickpea	public	"fastq,run.zq,sra"	"gs,ncbi,s3"	"gs.us-east1,ncbi.public,s3.us-east-1"	flowering	SRX3349723	Turkey	Asia	Turkey: Mardin	Illumina HiSeq 4000	mountain slope-field side or border	37.54441 N 41.015801 E	Derei_073.P3GCCAAT_A06_ACTG	PAIRED	RANDOM	GENOMIC	Cicer reticulatum	ILLUMINA	2019-11-01T00:00:00Z	2017-11-01T12:37:00Z	1	Derei_073	SRP123332	leaf	Derei_073	19/05/2013		
SRR6242455	992 m	WGS	250	7287614000	USAID Feed the Future Innovation Lab for Climate Resilient Chickpea	PRJNA416007	SAMN07948371	Plant	2286928259	COOK LAB - UNIVERSITY OF CALIFORNIA AT DAVIS	USAID Feed the Future Innovation Lab for Climate Resilient Chickpea	public	"fastq,run.zq,sra"	"gs,ncbi,s3"	"gs.us-east1,ncbi.public,s3.us-east-1"	flowering	SRX3349722	Turkey	Asia	Turkey: Mardin	Illumina HiSeq 4000	mountain slope-field side or border	37.544533 N 41.015837 E	Derei_072.P4_CAGATC	PAIRED	RANDOM	GENOMIC	Cicer reticulatum	ILLUMINA	2019-11-01T00:00:00Z	2017-11-01T12:50:00Z	1	Derei_072	SRP123332	leaf	Derei_072	19/05/2013		
SRR6242456	992 m	WGS	250	15131243250	USAID Feed the Future Innovation Lab for Climate Resilient Chickpea	PRJNA416007	SAMN07948371	Plant	4839008486	COOK LAB - UNIVERSITY OF CALIFORNIA AT DAVIS	USAID Feed the Future Innovation Lab for Climate Resilient Chickpea	public	"fastq,run.zq,sra"	"gs,ncbi,s3"	"gs.us-east1,ncbi.public,s3.us-east-1"	flowering	SRX3349721	Turkey	Asia	Turkey: Mardin	Illumina HiSeq 4000	mountain slope-field side or border	37.544533 N 41.015837 E	Derei_072.P1_CAGATC	PAIRED	RANDOM	GENOMIC	Cicer reticulatum	ILLUMINA	2019-11-01T00:00:00Z	2017-11-01T13:03:00Z	1	Derei_072	SRP123332	leaf	Derei_072	19/05/2013		
SRR6242457	993 m	WGS	250	19782207000	USAID Feed the Future Innovation Lab for Climate Resilient Chickpea	PRJNA416007	SAMN07948369	Plant	6503816975	COOK LAB - UNIVERSITY OF CALIFORNIA AT DAVIS	USAID Feed the Future Innovation Lab for Climate Resilient Chickpea	public	"fastq,run.zq,sra"	"gs,ncbi,s3"	"gs.us-east1,ncbi.public,s3.us-east-1"	flowering	SRX3349720	Turkey	Asia	Turkey: Mardin	Illumina HiSeq 4000	mountain slope-field side or border	37.544433 N 41.015966 E	Derei_070.P3_GCCAAT	PAIRED	RANDOM	GENOMIC	Cicer reticulatum	ILLUMINA	2019-11-01T00:00:00Z	2017-11-01T13:03:00Z	1	Derei_070	SRP123332	leaf	Derei_070	19/05/2013		
SRR6242458	997 m	WGS	288	2329146144	USAID Feed the Future Innovation Lab for Climate Resilient Chickpea	PRJNA416007	SAMN07948368	Plant	874704778	COOK LAB - UNIVERSITY OF CALIFORNIA AT DAVIS	USAID Feed the Future Innovation Lab for Climate Resilient Chickpea	public	"fastq,run.zq,sra"	"gs,ncbi,s3"	"gs.us-east1,ncbi.public,s3.us-east-1"	flowering	SRX3349719	Turkey	Asia	Turkey: Mardin	Illumina HiSeq 4000	mountain slope-field side or border	37.544325 N 41.016032 E	Derei_069.PMTAGCTT_H10_CTAGGA	PAIRED	RANDOM	GENOMIC	Cicer reticulatum	ILLUMINA	2019-11-01T00:00:00Z	2017-11-01T12:31:00Z	1	Derei_069	SRP123332	leaf	Derei_069	19/05/2013		
SRR6242459	997 m	WGS	290	2382158890	USAID Feed the Future Innovation Lab for Climate Resilient Chickpea	PRJNA416007	SAMN07948368	Plant	1030343153	COOK LAB - UNIVERSITY OF CALIFORNIA AT DAVIS	USAID Feed the Future Innovation Lab for Climate Resilient Chickpea	public	"fastq,run.zq,sra"	"gs,ncbi,s3"	"gs.us-east1,ncbi.public,s3.us-east-1"	flowering	SRX3349718	Turkey	Asia	Turkey: Mardin	Illumina HiSeq 4000	mountain slope-field side or border	37.544325 N 41.016032 E	Derei_069.P2TAGCTT_H10_CTAGGA	PAIRED	RANDOM	GENOMIC	Cicer reticulatum	ILLUMINA	2019-11-01T00:00:00Z	2017-11-01T12:33:00Z	1	Derei_069	SRP123332	leaf	Derei_069	19/05/2013		
SRR6242460	996 m	WGS	294	3343330662	USAID Feed the Future Innovation Lab for Climate Resilient Chickpea	PRJNA416007	SAMN07948365	Plant	1485370748	COOK LAB - UNIVERSITY OF CALIFORNIA AT DAVIS	USAID Feed the Future Innovation Lab for Climate Resilient Chickpea	public	"fastq,run.zq,sra"	"gs,ncbi,s3"	"gs.us-east1,ncbi.public,s3.us-east-1"	flowering	SRX3349717	Turkey	Asia	Turkey: Mardin	Illumina HiSeq 4000	mountain slope-field side or border	37.54428 N 41.016085 E	Derei_066.PATGACCA_A04_ACTG	PAIRED	RANDOM	GENOMIC	Cicer reticulatum	ILLUMINA	2019-11-01T00:00:00Z	2017-11-01T12:38:00Z	1	Derei_066	SRP123332	leaf	Derei_066	19/05/2013		
SRR6242462	995 m	WGS	294	997443216	USAID Feed the Future Innovation Lab for Climate Resilient Chickpea	PRJNA416007	SAMN07948373	Plant	430348972	COOK LAB - UNIVERSITY OF CALIFORNIA AT DAVIS	USAID Feed the Future Innovation Lab for Climate Resilient Chickpea	public	"fastq,run.zq,sra"	"gs,ncbi,s3"	"gs.us-east1,ncbi.public,s3.us-east-1"	flowering	SRX3349715	Turkey	Asia	Turkey: Mardin	Illumina HiSeq 4000	mountain slope-field side or border	37.54441 N 41.015754 E	Derei_074.P3TTAGGC_B03_ATGC	PAIRED	RANDOM	GENOMIC	Cicer reticulatum	ILLUMINA	2019-11-01T00:00:00Z	2017-11-01T12:29:00Z	1	Derei_074	SRP123332	leaf	Derei_074	19/05/2013		
SRR6242463	995 m	WGS	294	10809231342	USAID Feed the Future Innovation Lab for Climate Resilient Chickpea	PRJNA416007	SAMN07948372	Plant	4819061535	COOK LAB - UNIVERSITY OF CALIFORNIA AT DAVIS	USAID Feed the Future Innovation Lab for Climate Resilient Chickpea	public	"fastq,run.zq,sra"	"gs,ncbi,s3"	"gs.us-east1,ncbi.public,s3.us-east-1"	flowering	SRX3349714	Turkey	Asia	Turkey: Mardin	Illumina HiSeq 4000	mountain slope-field side or border	37.54441 N 41.015801 E	Derei_073.PAGCCAAT_A06_ACTG	PAIRED	RANDOM	GENOMIC	Cicer reticulatum	ILLUMINA	2019-11-01T00:00:00Z	2017-11-01T12:50:00Z	1	Derei_073	SRP123332	leaf	Derei_073	19/05/2013		
SRR6242466	931 m	WGS	290	3676748760	USAID Feed the Future Innovation Lab for Climate Resilient Chickpea	PRJNA416007	SAMN07948588	Plant	1425082120	COOK LAB - UNIVERSITY OF CALIFORNIA AT DAVIS	USAID Feed the Future Innovation Lab for Climate Resilient Chickpea	public	"fastq,run.zq,sra"	"gs,ncbi,s3"	"gs.us-east1,ncbi.public,s3.us-east-1"	flowering	SRX3349711	Turkey	Asia	Turkey: Adiyaman	Illumina HiSeq 4000	mountain slope-field side or border	37.733687 N 37.802979 E	Oyali_074.PVACAGTG_F05_TGACA	PAIRED	RANDOM	GENOMIC	Cicer reticulatum	ILLUMINA	2019-11-01T00:00:00Z	2017-11-01T12:34:00Z	1	Oyali_074	SRP123332	leaf	Oyali_074			
SRR6242467	867 m	WGS	294	153107262	USAID Feed the Future Innovation Lab for Climate Resilient Chickpea	PRJNA416007	SAMN07948506	Plant	65924284	COOK LAB - UNIVERSITY OF CALIFORNIA AT DAVIS	USAID Feed the Future Innovation Lab for Climate Resilient Chickpea	public	"fastq,run.zq,sra"	"gs,ncbi,s3"	"gs.us-east1,ncbi.public,s3.us-east-1"	flowering	SRX3349710	Turkey	Asia	Turkey: Diyarbakir	Illumina HiSeq 4000	mountain slope-field side or border	38.204159 N 39.606745 E	Kesen_101.P3GGCTAC_B11_ATGC	PAIRED	RANDOM	GENOMIC	Cicer reticulatum	ILLUMINA	2019-11-01T00:00:00Z	2017-11-01T12:27:00Z	1	Kesen_101	SRP123332	leaf	Kesen_101	8/05/2013		
SRR6242468	867 m	WGS	292	26600197272	USAID Feed the Future Innovation Lab for Climate Resilient Chickpea	PRJNA416007	SAMN07948506	Plant	10019421805	COOK LAB - UNIVERSITY OF CALIFORNIA AT DAVIS	USAID Feed the Future Innovation Lab for Climate Resilient Chickpea	public	"fastq,run.zq,sra"	"gs,ncbi,s3"	"gs.us-east1,ncbi.public,s3.us-east-1"	flowering	SRX3349709	Turkey	Asia	Turkey: Diyarbakir	Illumina HiSeq 4000	mountain slope-field side or border	38.204159 N 39.606745 E	Kesen_101.PYGGCTAC_B11_ATGC	PAIRED	RANDOM	GENOMIC	Cicer reticulatum	ILLUMINA	2019-11-01T00:00:00Z	2017-11-01T13:39:00Z	1	Kesen_101	SRP123332	leaf	Kesen_101	8/05/2013		
SRR6242469	890 m	WGS	294	2095318890	USAID Feed the Future Innovation Lab for Climate Resilient Chickpea	PRJNA416007	SAMN07948505	Plant	897395765	COOK LAB - UNIVERSITY OF CALIFORNIA AT DAVIS	USAID Feed the Future Innovation Lab for Climate Resilient Chickpea	public	"fastq,run.zq,sra"	"gs,ncbi,s3"	"gs.us-east1,ncbi.public,s3.us-east-1"	flowering	SRX3349708	Turkey	Asia	Turkey: Diyarbakir	Illumina HiSeq 4000	mountain slope-field side or border	38.203834 N 39.606699 E	Kesen_077.P2TAGCTT_C10_AGCT	PAIRED	RANDOM	GENOMIC	Cicer reticulatum	ILLUMINA	2019-11-01T00:00:00Z	2017-11-01T12:32:00Z	1	Kesen_077	SRP123332	leaf	Kesen_077	8/05/2013		
SRR6242470	890 m	WGS	290	2968100120	USAID Feed the Future Innovation Lab for Climate Resilient Chickpea	PRJNA416007	SAMN07948505	Plant	1092290314	COOK LAB - UNIVERSITY OF CALIFORNIA AT DAVIS	USAID Feed the Future Innovation Lab for Climate Resilient Chickpea	public	"fastq,run.zq,sra"	"gs,ncbi,s3"	"gs.us-east1,ncbi.public,s3.us-east-1"	flowering	SRX3349707	Turkey	Asia	Turkey: Diyarbakir	Illumina HiSeq 4000	mountain slope-field side or border	38.203834 N 39.606699 E	Kesen_077.PPTAGCTT_C10_AGCT	PAIRED	RANDOM	GENOMIC	Cicer reticulatum	ILLUMINA	2019-11-01T00:00:00Z	2017-11-01T12:35:00Z	1	Kesen_077	SRP123332	leaf	Kesen_077	8/05/2013		
SRR6242471	932 m	WGS	292	1009938940	USAID Feed the Future Innovation Lab for Climate Resilient Chickpea	PRJNA416007	SAMN07948587	Plant	432650025	COOK LAB - UNIVERSITY OF CALIFORNIA AT DAVIS	USAID Feed the Future Innovation Lab for Climate Resilient Chickpea	public	"fastq,run.zq,sra"	"gs,ncbi,s3"	"gs.us-east1,ncbi.public,s3.us-east-1"	flowering	SRX3349706	Turkey	Asia	Turkey: Adiyaman	Illumina HiSeq 4000	mountain slope-field side or border	37.733686 N 37.802975 E	Oyali_073.P2CAGATC_F07_TGACA	PAIRED	RANDOM	GENOMIC	Cicer reticulatum	ILLUMINA	2019-11-01T00:00:00Z	2017-11-01T12:30:00Z	1	Oyali_073	SRP123332	leaf	Oyali_073			
SRR6242472	932 m	WGS	290	137063570	USAID Feed the Future Innovation Lab for Climate Resilient Chickpea	PRJNA416007	SAMN07948587	Plant	50898276	COOK LAB - UNIVERSITY OF CALIFORNIA AT DAVIS	USAID Feed the Future Innovation Lab for Climate Resilient Chickpea	public	"fastq,run.zq,sra"	"gs,ncbi,s3"	"gs.us-east1,ncbi.public,s3.us-east-1"	flowering	SRX3349705	Turkey	Asia	Turkey: Adiyaman	Illumina HiSeq 4000	mountain slope-field side or border	37.733686 N 37.802975 E	Oyali_073.PQCAGATC_F07_TGACA	PAIRED	RANDOM	GENOMIC	Cicer reticulatum	ILLUMINA	2019-11-01T00:00:00Z	2017-11-01T12:27:00Z	1	Oyali_073	SRP123332	leaf	Oyali_073			
SRR6242473	870 m	WGS	292	566395904	USAID Feed the Future Innovation Lab for Climate Resilient Chickpea	PRJNA416007	SAMN07948509	Plant	245204314	COOK LAB - UNIVERSITY OF CALIFORNIA AT DAVIS	USAID Feed the Future Innovation Lab for Climate Resilient Chickpea	public	"fastq,run.zq,sra"	"gs,ncbi,s3"	"gs.us-east1,ncbi.public,s3.us-east-1"	flowering	SRX3349704	Turkey	Asia	Turkey: Diyarbakir	Illumina HiSeq 4000	mountain slope-field side or border	38.204133 N 39.606833 E	Kesen_104.P2TGACCA_F04_TGACA	PAIRED	RANDOM	GENOMIC	Cicer reticulatum	ILLUMINA	2019-11-01T00:00:00Z	2017-11-01T12:29:00Z	1	Kesen_104	SRP123332	leaf	Kesen_104	8/05/2013		
SRR6242474	870 m	WGS	290	2929797790	USAID Feed the Future Innovation Lab for Climate Resilient Chickpea	PRJNA416007	SAMN07948509	Plant	1100797999	COOK LAB - UNIVERSITY OF CALIFORNIA AT DAVIS	USAID Feed the Future Innovation Lab for Climate Resilient Chickpea	public	"fastq,run.zq,sra"	"gs,ncbi,s3"	"gs.us-east1,ncbi.public,s3.us-east-1"	flowering	SRX3349703	Turkey	Asia	Turkey: Diyarbakir	Illumina HiSeq 4000	mountain slope-field side or border	38.204133 N 39.606833 E	Kesen_104.PWTGACCA_F04_TGACA	PAIRED	RANDOM	GENOMIC	Cicer reticulatum	ILLUMINA	2019-11-01T00:00:00Z	2017-11-01T12:34:00Z	1	Kesen_104	SRP123332	leaf	Kesen_104	8/05/2013		
SRR6242475	1085 m	WGS	292	5631502072	USAID Feed the Future Innovation Lab for Climate Resilient Chickpea	PRJNA416007	SAMN07948479	Plant	2206285457	COOK LAB - UNIVERSITY OF CALIFORNIA AT DAVIS	USAID Feed the Future Innovation Lab for Climate Resilient Chickpea	public	"fastq,run.zq,sra"	"gs,ncbi,s3"	"gs.us-east1,ncbi.public,s3.us-east-1"	flowering	SRX3349702	Turkey	Asia	Turkey: Mardin	Illumina HiSeq 4000	mountain slope-field side or border	37.519394 N 40.937996 E	Kayat_070.PWTAGCTT_C10_AGCT	PAIRED	RANDOM	GENOMIC	Cicer reticulatum	ILLUMINA	2019-11-01T00:00:00Z	2017-11-01T12:38:00Z	1	Kayat_070	SRP123332	leaf	Kayat_070	20/05/2013		
SRR6242476	1086 m	WGS	250	14803641500	USAID Feed the Future Innovation Lab for Climate Resilient Chickpea	PRJNA416007	SAMN07948482	Plant	4760428793	COOK LAB - UNIVERSITY OF CALIFORNIA AT DAVIS	USAID Feed the Future Innovation Lab for Climate Resilient Chickpea	public	"fastq,run.zq,sra"	"gs,ncbi,s3"	"gs.us-east1,ncbi.public,s3.us-east-1"	flowering	SRX3349701	Turkey	Asia	Turkey: Mardin	Illumina HiSeq 4000	mountain slope-field side or border	37.519145 N 40.93835 E	Kayat_077.P1_ACTTGA	PAIRED	RANDOM	GENOMIC	Cicer reticulatum	ILLUMINA	2019-11-01T00:00:00Z	2017-11-01T13:35:00Z	1	Kayat_077	SRP123332	leaf	Kayat_077	20/05/2013		
SRR6242477	1084 m	WGS	292	4881077256	USAID Feed the Future Innovation Lab for Climate Resilient Chickpea	PRJNA416007	SAMN07948473	Plant	1928908878	COOK LAB - UNIVERSITY OF CALIFORNIA AT DAVIS	USAID Feed the Future Innovation Lab for Climate Resilient Chickpea	public	"fastq,run.zq,sra"	"gs,ncbi,s3"	"gs.us-east1,ncbi.public,s3.us-east-1"	flowering	SRX3349700	Turkey	Asia	Turkey: Mardin	Illumina HiSeq 4000	mountain slope-field side or border	37.518801 N 40.938237 E	Kayat_063.PUTAGCTT_A10_ACTG	PAIRED	RANDOM	GENOMIC	Cicer reticulatum	ILLUMINA	2019-11-01T00:00:00Z	2017-11-01T12:39:00Z	1	Kayat_063	SRP123332	leaf	Kayat_063	20/05/2013		
SRR6242479	1083 m	WGS	290	8645415910	USAID Feed the Future Innovation Lab for Climate Resilient Chickpea	PRJNA416007	SAMN07948471	Plant	3268074315	COOK LAB - UNIVERSITY OF CALIFORNIA AT DAVIS	USAID Feed the Future Innovation Lab for Climate Resilient Chickpea	public	"fastq,run.zq,sra"	"gs,ncbi,s3"	"gs.us-east1,ncbi.public,s3.us-east-1"	flowering	SRX3349698	Turkey	Asia	Turkey: Mardin	Illumina HiSeq 4000	mountain slope-field side or border	37.518809 N 40.938287 E	Kayat_061.PWTTAGGC_F03_TGACA	PAIRED	RANDOM	GENOMIC	Cicer reticulatum	ILLUMINA	2019-11-01T00:00:00Z	2017-11-01T12:47:00Z	1	Kayat_061	SRP123332	leaf	Kayat_061	20/05/2013		
SRR6242481	1085 m	WGS	290	3889716640	USAID Feed the Future Innovation Lab for Climate Resilient Chickpea	PRJNA416007	SAMN07948476	Plant	1740548515	COOK LAB - UNIVERSITY OF CALIFORNIA AT DAVIS	USAID Feed the Future Innovation Lab for Climate Resilient Chickpea	public	"fastq,run.zq,sra"	"gs,ncbi,s3"	"gs.us-east1,ncbi.public,s3.us-east-1"	flowering	SRX3349696	Turkey	Asia	Turkey: Mardin	Illumina HiSeq 4000	mountain slope-field side or border	37.519242 N 40.938188 E	Kayat_066.PAATCACG_H01_CTAGGA	PAIRED	RANDOM	GENOMIC	Cicer reticulatum	ILLUMINA	2019-11-01T00:00:00Z	2017-11-01T13:02:00Z	1	Kayat_066	SRP123332	leaf	Kayat_066	20/05/2013		
SRR6242483	1085 m	WGS	292	7225298224	USAID Feed the Future Innovation Lab for Climate Resilient Chickpea	PRJNA416007	SAMN07948474	Plant	2806402440	COOK LAB - UNIVERSITY OF CALIFORNIA AT DAVIS	USAID Feed the Future Innovation Lab for Climate Resilient Chickpea	public	"fastq,run.zq,sra"	"gs,ncbi,s3"	"gs.us-east1,ncbi.public,s3.us-east-1"	flowering	SRX3349694	Turkey	Asia	Turkey: Mardin	Illumina HiSeq 4000	mountain slope-field side or border	37.519246 N 40.938189 E	Kayat_064.PPGGCTAC_A11_ACTG	PAIRED	RANDOM	GENOMIC	Cicer reticulatum	ILLUMINA	2019-11-01T00:00:00Z	2017-11-01T13:05:00Z	1	Kayat_064	SRP123332	leaf	Kayat_064	20/05/2013		
SRR6242487	902 m	WGS	292	5605123084	USAID Feed the Future Innovation Lab for Climate Resilient Chickpea	PRJNA416007	SAMN07948254	Plant	2119046869	COOK LAB - UNIVERSITY OF CALIFORNIA AT DAVIS	USAID Feed the Future Innovation Lab for Climate Resilient Chickpea	public	"fastq,run.zq,sra"	"gs,ncbi,s3"	"gs.us-east1,ncbi.public,s3.us-east-1"	flowering	SRX3349690	Turkey	Asia	Turkey: Mardin	Illumina HiSeq 4000	mountain slope-field side or border	37.517259 N 40.853434 E	Besev_074.PVCGATGT_A02_ACTG	PAIRED	RANDOM	GENOMIC	Cicer reticulatum	ILLUMINA	2019-11-01T00:00:00Z	2017-11-01T13:00:00Z	1	Besev_074	SRP123332	leaf	Besev_074	19/05/2013		
SRR6242489	902 m	WGS	288	2132749152	USAID Feed the Future Innovation Lab for Climate Resilient Chickpea	PRJNA416007	SAMN07948250	Plant	843705423	COOK LAB - UNIVERSITY OF CALIFORNIA AT DAVIS	USAID Feed the Future Innovation Lab for Climate Resilient Chickpea	public	"fastq,run.zq,sra"	"gs,ncbi,s3"	"gs.us-east1,ncbi.public,s3.us-east-1"	flowering	SRX3349688	Turkey	Asia	Turkey: Mardin	Illumina HiSeq 4000	mountain slope-field side or border	37.516617 N 40.85523 E	Besev_066.PQGATCAG_G09_CAGTGC	PAIRED	RANDOM	GENOMIC	Cicer reticulatum	ILLUMINA	2019-11-01T00:00:00Z	2017-11-01T12:34:00Z	1	Besev_066	SRP123332	leaf	Besev_066	19/05/2013		
SRR6242490	900 m	WGS	292	1400057948	USAID Feed the Future Innovation Lab for Climate Resilient Chickpea	PRJNA416007	SAMN07948249	Plant	599067913	COOK LAB - UNIVERSITY OF CALIFORNIA AT DAVIS	USAID Feed the Future Innovation Lab for Climate Resilient Chickpea	public	"fastq,run.zq,sra"	"gs,ncbi,s3"	"gs.us-east1,ncbi.public,s3.us-east-1"	flowering	SRX3349687	Turkey	Asia	Turkey: Mardin	Illumina HiSeq 4000	mountain slope-field side or border	37.516705 N 40.854928 E	Besev_065.P3GCCAAT_D06_TACGA	PAIRED	RANDOM	GENOMIC	Cicer reticulatum	ILLUMINA	2019-11-01T00:00:00Z	2017-11-01T12:34:00Z	1	Besev_065	SRP123332	leaf	Besev_065	19/05/2013		
SRR6242491	900 m	WGS	290	7685224170	USAID Feed the Future Innovation Lab for Climate Resilient Chickpea	PRJNA416007	SAMN07948249	Plant	3040621130	COOK LAB - UNIVERSITY OF CALIFORNIA AT DAVIS	USAID Feed the Future Innovation Lab for Climate Resilient Chickpea	public	"fastq,run.zq,sra"	"gs,ncbi,s3"	"gs.us-east1,ncbi.public,s3.us-east-1"	flowering	SRX3349686	Turkey	Asia	Turkey: Mardin	Illumina HiSeq 4000	mountain slope-field side or border	37.516705 N 40.854928 E	Besev_065.PLGCCAAT_D06_TACGA	PAIRED	RANDOM	GENOMIC	Cicer reticulatum	ILLUMINA	2019-11-01T00:00:00Z	2017-11-01T12:46:00Z	1	Besev_065	SRP123332	leaf	Besev_065	19/05/2013		
SRR6242492	878 m	WGS	294	1069910982	USAID Feed the Future Innovation Lab for Climate Resilient Chickpea	PRJNA416007	SAMN07948247	Plant	462966066	COOK LAB - UNIVERSITY OF CALIFORNIA AT DAVIS	USAID Feed the Future Innovation Lab for Climate Resilient Chickpea	public	"fastq,run.zq,sra"	"gs,ncbi,s3"	"gs.us-east1,ncbi.public,s3.us-east-1"	flowering	SRX3349685	Turkey	Asia	Turkey: Mardin	Illumina HiSeq 4000	mountain slope-field side or border	37.517902 N 40.851866 E	Besev_062.P2GCCAAT_C06_AGCT	PAIRED	RANDOM	GENOMIC	Cicer reticulatum	ILLUMINA	2019-11-01T00:00:00Z	2017-11-01T12:32:00Z	1	Besev_062	SRP123332	leaf	Besev_062	19/05/2013		
SRR6242493	878 m	WGS	290	4359092370	USAID Feed the Future Innovation Lab for Climate Resilient Chickpea	PRJNA416007	SAMN07948247	Plant	1626378187	COOK LAB - UNIVERSITY OF CALIFORNIA AT DAVIS	USAID Feed the Future Innovation Lab for Climate Resilient Chickpea	public	"fastq,run.zq,sra"	"gs,ncbi,s3"	"gs.us-east1,ncbi.public,s3.us-east-1"	flowering	SRX3349684	Turkey	Asia	Turkey: Mardin	Illumina HiSeq 4000	mountain slope-field side or border	37.517902 N 40.851866 E	Besev_062.PPGCCAAT_C06_AGCT	PAIRED	RANDOM	GENOMIC	Cicer reticulatum	ILLUMINA	2019-11-01T00:00:00Z	2017-11-01T12:37:00Z	1	Besev_062	SRP123332	leaf	Besev_062	19/05/2013		
SRR6242494	902 m	WGS	250	16940265500	USAID Feed the Future Innovation Lab for Climate Resilient Chickpea	PRJNA416007	SAMN07948255	Plant	5391893042	COOK LAB - UNIVERSITY OF CALIFORNIA AT DAVIS	USAID Feed the Future Innovation Lab for Climate Resilient Chickpea	public	"fastq,run.zq,sra"	"gs,ncbi,s3"	"gs.us-east1,ncbi.public,s3.us-east-1"	flowering	SRX3349683	Turkey	Asia	Turkey: Mardin	Illumina HiSeq 4000	mountain slope-field side or border	37.517103 N 40.853599 E	Besev_075.P1_ACAGTG	PAIRED	RANDOM	GENOMIC	Cicer reticulatum	ILLUMINA	2019-11-01T00:00:00Z	2017-11-01T14:04:00Z	1	Besev_075	SRP123332	leaf	Besev_075	19/05/2013		
SRR6242495	902 m	WGS	250	6327237750	USAID Feed the Future Innovation Lab for Climate Resilient Chickpea	PRJNA416007	SAMN07948255	Plant	1976830245	COOK LAB - UNIVERSITY OF CALIFORNIA AT DAVIS	USAID Feed the Future Innovation Lab for Climate Resilient Chickpea	public	"fastq,run.zq,sra"	"gs,ncbi,s3"	"gs.us-east1,ncbi.public,s3.us-east-1"	flowering	SRX3349682	Turkey	Asia	Turkey: Mardin	Illumina HiSeq 4000	mountain slope-field side or border	37.517103 N 40.853599 E	Besev_075.P4_ACAGTG	PAIRED	RANDOM	GENOMIC	Cicer reticulatum	ILLUMINA	2019-11-01T00:00:00Z	2017-11-01T12:45:00Z	1	Besev_075	SRP123332	leaf	Besev_075	19/05/2013		
SRR6242507	988 m	WGS	288	5286626208	USAID Feed the Future Innovation Lab for Climate Resilient Chickpea	PRJNA416007	SAMN07948378	Plant	2197681490	COOK LAB - UNIVERSITY OF CALIFORNIA AT DAVIS	USAID Feed the Future Innovation Lab for Climate Resilient Chickpea	public	"fastq,run.zq,sra"	"gs,ncbi,s3"	"gs.us-east1,ncbi.public,s3.us-east-1"	flowering	SRX3349670	Turkey	Asia	Turkey: Diyarbakir	Illumina HiSeq 4000	mountain slope-field side or border	38.274501 N 40.064542 E	Egill_064.PLATCACG_G01_CAGTGC	PAIRED	RANDOM	GENOMIC	Cicer reticulatum	ILLUMINA	2019-11-01T00:00:00Z	2017-11-01T12:56:00Z	1	Egill_064	SRP123332	leaf	Egill_064	8/05/2013		
SRR6242508	987 m	WGS	250	22580850250	USAID Feed the Future Innovation Lab for Climate Resilient Chickpea	PRJNA416007	SAMN07948379	Plant	7342315775	COOK LAB - UNIVERSITY OF CALIFORNIA AT DAVIS	USAID Feed the Future Innovation Lab for Climate Resilient Chickpea	public	"fastq,run.zq,sra"	"gs,ncbi,s3"	"gs.us-east1,ncbi.public,s3.us-east-1"	flowering	SRX3349669	Turkey	Asia	Turkey: Diyarbakir	Illumina HiSeq 4000	mountain slope-field side or border	38.274491 N 40.064534 E	Egill_065.P3_ACTTGA	PAIRED	RANDOM	GENOMIC	Cicer reticulatum	ILLUMINA	2019-11-01T00:00:00Z	2017-11-01T13:17:00Z	1	Egill_065	SRP123332	leaf	Egill_065	8/05/2013		
SRR6242509	988 m	WGS	290	5358647550	USAID Feed the Future Innovation Lab for Climate Resilient Chickpea	PRJNA416007	SAMN07948377	Plant	2021311471	COOK LAB - UNIVERSITY OF CALIFORNIA AT DAVIS	USAID Feed the Future Innovation Lab for Climate Resilient Chickpea	public	"fastq,run.zq,sra"	"gs,ncbi,s3"	"gs.us-east1,ncbi.public,s3.us-east-1"	flowering	SRX3349668	Turkey	Asia	Turkey: Diyarbakir	Illumina HiSeq 4000	mountain slope-field side or border	38.274501 N 40.064542 E	Egill_063.PLGCCAAT_C06_AGCT	PAIRED	RANDOM	GENOMIC	Cicer reticulatum	ILLUMINA	2019-11-01T00:00:00Z	2017-11-01T13:01:00Z	1	Egill_063	SRP123332	leaf	Egill_063	8/05/2013		
SRR6242510	988 m	WGS	290	1224761060	USAID Feed the Future Innovation Lab for Climate Resilient Chickpea	PRJNA416007	SAMN07948378	Plant	539776845	COOK LAB - UNIVERSITY OF CALIFORNIA AT DAVIS	USAID Feed the Future Innovation Lab for Climate Resilient Chickpea	public	"fastq,run.zq,sra"	"gs,ncbi,s3"	"gs.us-east1,ncbi.public,s3.us-east-1"	flowering	SRX3349667	Turkey	Asia	Turkey: Diyarbakir	Illumina HiSeq 4000	mountain slope-field side or border	38.274501 N 40.064542 E	Egill_064.P3ATCACG_G01_CAGTGC	PAIRED	RANDOM	GENOMIC	Cicer reticulatum	ILLUMINA	2019-11-01T00:00:00Z	2017-11-01T12:36:00Z	1	Egill_064	SRP123332	leaf	Egill_064	8/05/2013		
SRR6242511	1000 m	WGS	292	5240902724	USAID Feed the Future Innovation Lab for Climate Resilient Chickpea	PRJNA416007	SAMN07948375	Plant	1995858854	COOK LAB - UNIVERSITY OF CALIFORNIA AT DAVIS	USAID Feed the Future Innovation Lab for Climate Resilient Chickpea	public	"fastq,run.zq,sra"	"gs,ncbi,s3"	"gs.us-east1,ncbi.public,s3.us-east-1"	flowering	SRX3349666	Turkey	Asia	Turkey: Mardin	Illumina HiSeq 4000	mountain slope-field side or border	37.544259 N 41.015909 E	Derei_078.PMGCCAAT_A06_ACTG	PAIRED	RANDOM	GENOMIC	Cicer reticulatum	ILLUMINA	2019-11-01T00:00:00Z	2017-11-01T12:41:00Z	1	Derei_078	SRP123332	leaf	Derei_078	19/05/2013		
SRR6242512	988 m	WGS	294	1937852490	USAID Feed the Future Innovation Lab for Climate Resilient Chickpea	PRJNA416007	SAMN07948377	Plant	830898635	COOK LAB - UNIVERSITY OF CALIFORNIA AT DAVIS	USAID Feed the Future Innovation Lab for Climate Resilient Chickpea	public	"fastq,run.zq,sra"	"gs,ncbi,s3"	"gs.us-east1,ncbi.public,s3.us-east-1"	flowering	SRX3349665	Turkey	Asia	Turkey: Diyarbakir	Illumina HiSeq 4000	mountain slope-field side or border	38.274501 N 40.064542 E	Egill_063.P3GCCAAT_C06_AGCT	PAIRED	RANDOM	GENOMIC	Cicer reticulatum	ILLUMINA	2019-11-01T00:00:00Z	2017-11-01T12:35:00Z	1	Egill_063	SRP123332	leaf	Egill_063	8/05/2013		
SRR6242513	997 m	WGS	290	4199547130	USAID Feed the Future Innovation Lab for Climate Resilient Chickpea	PRJNA416007	SAMN07948374	Plant	1538576766	COOK LAB - UNIVERSITY OF CALIFORNIA AT DAVIS	USAID Feed the Future Innovation Lab for Climate Resilient Chickpea	public	"fastq,run.zq,sra"	"gs,ncbi,s3"	"gs.us-east1,ncbi.public,s3.us-east-1"	flowering	SRX3349664	Turkey	Asia	Turkey: Mardin	Illumina HiSeq 4000	mountain slope-field side or border	37.544373 N 41.015805 E	Derei_075.PUCAGATC_F07_TGACA	PAIRED	RANDOM	GENOMIC	Cicer reticulatum	ILLUMINA	2019-11-01T00:00:00Z	2017-11-01T12:40:00Z	1	Derei_075	SRP123332	leaf	Derei_075	19/05/2013		
SRR6242514	1000 m	WGS	294	2387128884	USAID Feed the Future Innovation Lab for Climate Resilient Chickpea	PRJNA416007	SAMN07948375	Plant	1023282352	COOK LAB - UNIVERSITY OF CALIFORNIA AT DAVIS	USAID Feed the Future Innovation Lab for Climate Resilient Chickpea	public	"fastq,run.zq,sra"	"gs,ncbi,s3"	"gs.us-east1,ncbi.public,s3.us-east-1"	flowering	SRX3349663	Turkey	Asia	Turkey: Mardin	Illumina HiSeq 4000	mountain slope-field side or border	37.544259 N 41.015909 E	Derei_078.P2GCCAAT_A06_ACTG	PAIRED	RANDOM	GENOMIC	Cicer reticulatum	ILLUMINA	2019-11-01T00:00:00Z	2017-11-01T12:41:00Z	1	Derei_078	SRP123332	leaf	Derei_078	19/05/2013		
SRR6242515	995 m	WGS	292	7472704276	USAID Feed the Future Innovation Lab for Climate Resilient Chickpea	PRJNA416007	SAMN07948373	Plant	2895181936	COOK LAB - UNIVERSITY OF CALIFORNIA AT DAVIS	USAID Feed the Future Innovation Lab for Climate Resilient Chickpea	public	"fastq,run.zq,sra"	"gs,ncbi,s3"	"gs.us-east1,ncbi.public,s3.us-east-1"	flowering	SRX3349662	Turkey	Asia	Turkey: Mardin	Illumina HiSeq 4000	mountain slope-field side or border	37.54441 N 41.015754 E	Derei_074.PRTTAGGC_B03_ATGC	PAIRED	RANDOM	GENOMIC	Cicer reticulatum	ILLUMINA	2019-11-01T00:00:00Z	2017-11-01T12:45:00Z	1	Derei_074	SRP123332	leaf	Derei_074	19/05/2013		
SRR6242516	997 m	WGS	292	605936792	USAID Feed the Future Innovation Lab for Climate Resilient Chickpea	PRJNA416007	SAMN07948374	Plant	254150027	COOK LAB - UNIVERSITY OF CALIFORNIA AT DAVIS	USAID Feed the Future Innovation Lab for Climate Resilient Chickpea	public	"fastq,run.zq,sra"	"gs,ncbi,s3"	"gs.us-east1,ncbi.public,s3.us-east-1"	flowering	SRX3349661	Turkey	Asia	Turkey: Mardin	Illumina HiSeq 4000	mountain slope-field side or border	37.544373 N 41.015805 E	Derei_075.P3CAGATC_F07_TGACA	PAIRED	RANDOM	GENOMIC	Cicer reticulatum	ILLUMINA	2019-11-01T00:00:00Z	2017-11-01T12:35:00Z	1	Derei_075	SRP123332	leaf	Derei_075	19/05/2013		
SRR6242517	961 m	WGS	294	1873369176	USAID Feed the Future Innovation Lab for Climate Resilient Chickpea	PRJNA416007	SAMN07948184	Plant	800533073	COOK LAB - UNIVERSITY OF CALIFORNIA AT DAVIS	USAID Feed the Future Innovation Lab for Climate Resilient Chickpea	public	"fastq,run.zq,sra"	"gs,ncbi,s3"	"gs.us-east1,ncbi.public,s3.us-east-1"	flowering	SRX3349660	Turkey	Asia	Turkey: Mardin	Illumina HiSeq 4000	mountain slope-field side or border	37.472723 N 41.392688 E	Bari3_067.P3CGATGT_B02_ATGC	PAIRED	RANDOM	GENOMIC	Cicer reticulatum	ILLUMINA	2019-11-01T00:00:00Z	2017-11-01T12:36:00Z	1	Bari3_067	SRP123332	leaf	Bari3_067	21/05/2013		
SRR6242518	961 m	WGS	292	5939318544	USAID Feed the Future Innovation Lab for Climate Resilient Chickpea	PRJNA416007	SAMN07948184	Plant	2377189177	COOK LAB - UNIVERSITY OF CALIFORNIA AT DAVIS	USAID Feed the Future Innovation Lab for Climate Resilient Chickpea	public	"fastq,run.zq,sra"	"gs,ncbi,s3"	"gs.us-east1,ncbi.public,s3.us-east-1"	flowering	SRX3349659	Turkey	Asia	Turkey: Mardin	Illumina HiSeq 4000	mountain slope-field side or border	37.472723 N 41.392688 E	Bari3_067.PLCGATGT_B02_ATGC	PAIRED	RANDOM	GENOMIC	Cicer reticulatum	ILLUMINA	2019-11-01T00:00:00Z	2017-11-01T12:51:00Z	1	Bari3_067	SRP123332	leaf	Bari3_067	21/05/2013		
SRR6242519	961 m	WGS	294	412240626	USAID Feed the Future Innovation Lab for Climate Resilient Chickpea	PRJNA416007	SAMN07948122	Plant	175122331	COOK LAB - UNIVERSITY OF CALIFORNIA AT DAVIS	USAID Feed the Future Innovation Lab for Climate Resilient Chickpea	public	"fastq,run.zq,sra"	"gs,ncbi,s3"	"gs.us-east1,ncbi.public,s3.us-east-1"	flowering	SRX3349658	Turkey	Asia	Turkey: Mardin	Illumina HiSeq 4000	mountain slope-field side or border	37.458429 N 41.377348 E	Bari2_074.P2CAGATC_A07_ACTG	PAIRED	RANDOM	GENOMIC	Cicer reticulatum	ILLUMINA	2019-11-01T00:00:00Z	2017-11-01T12:33:00Z	1	Bari2_074	SRP123332	leaf	Bari2_074	21/05/2013		
SRR6242520	961 m	WGS	292	15432026552	USAID Feed the Future Innovation Lab for Climate Resilient Chickpea	PRJNA416007	SAMN07948122	Plant	5811510977	COOK LAB - UNIVERSITY OF CALIFORNIA AT DAVIS	USAID Feed the Future Innovation Lab for Climate Resilient Chickpea	public	"fastq,run.zq,sra"	"gs,ncbi,s3"	"gs.us-east1,ncbi.public,s3.us-east-1"	flowering	SRX3349657	Turkey	Asia	Turkey: Mardin	Illumina HiSeq 4000	mountain slope-field side or border	37.458429 N 41.377348 E	Bari2_074.PVCAGATC_A07_ACTG	PAIRED	RANDOM	GENOMIC	Cicer reticulatum	ILLUMINA	2019-11-01T00:00:00Z	2017-11-01T13:05:00Z	1	Bari2_074	SRP123332	leaf	Bari2_074	21/05/2013		
SRR6242521	959 m	WGS	294	3929108904	USAID Feed the Future Innovation Lab for Climate Resilient Chickpea	PRJNA416007	SAMN07948117	Plant	1927856222	COOK LAB - UNIVERSITY OF CALIFORNIA AT DAVIS	USAID Feed the Future Innovation Lab for Climate Resilient Chickpea	public	"fastq,run.zq,sra"	"gs,ncbi,s3"	"gs.us-east1,ncbi.public,s3.us-east-1"	flowering	SRX3349656	Turkey	Asia	Turkey: Mardin	Illumina HiSeq 4000	mountain slope-field side or border	37.45915 N 41.377262 E	Bari2_067.PKACTTGA_A08_ACTG	PAIRED	RANDOM	GENOMIC	Cicer reticulatum	ILLUMINA	2019-11-01T00:00:00Z	2017-11-01T12:40:00Z	1	Bari2_067	SRP123332	leaf	Bari2_067	21/05/2013		
SRR6242522	961 m	WGS	250	30873465250	USAID Feed the Future Innovation Lab for Climate Resilient Chickpea	PRJNA416007	SAMN07948120	Plant	11709275430	COOK LAB - UNIVERSITY OF CALIFORNIA AT DAVIS	USAID Feed the Future Innovation Lab for Climate Resilient Chickpea	public	"fastq,run.zq,sra"	"gs,ncbi,s3"	"gs.us-east1,ncbi.public,s3.us-east-1"	flowering	SRX3349655	Turkey	Asia	Turkey: Mardin	Illumina HiSeq 4000	mountain slope-field side or border	37.458429 N 41.377348 E	Bari2_072N2.P7_CGATGT	PAIRED	RANDOM	GENOMIC	Cicer reticulatum	ILLUMINA	2019-11-01T00:00:00Z	2017-11-01T14:11:00Z	1	Bari2_072N2	SRP123332	leaf	Bari2_072N2	21/05/2013		
SRR6242523	963 m	WGS	294	1452658998	USAID Feed the Future Innovation Lab for Climate Resilient Chickpea	PRJNA416007	SAMN07948182	Plant	626733071	COOK LAB - UNIVERSITY OF CALIFORNIA AT DAVIS	USAID Feed the Future Innovation Lab for Climate Resilient Chickpea	public	"fastq,run.zq,sra"	"gs,ncbi,s3"	"gs.us-east1,ncbi.public,s3.us-east-1"	flowering	SRX3349654	Turkey	Asia	Turkey: Mardin	Illumina HiSeq 4000	mountain slope-field side or border	37.472725 N 41.392709 E	Bari3_065.P3ATCACG_C01_AGCT	PAIRED	RANDOM	GENOMIC	Cicer reticulatum	ILLUMINA	2019-11-01T00:00:00Z	2017-11-01T12:39:00Z	1	Bari3_065	SRP123332	leaf	Bari3_065	21/05/2013		
SRR6242524	963 m	WGS	290	6225254260	USAID Feed the Future Innovation Lab for Climate Resilient Chickpea	PRJNA416007	SAMN07948182	Plant	2391757224	COOK LAB - UNIVERSITY OF CALIFORNIA AT DAVIS	USAID Feed the Future Innovation Lab for Climate Resilient Chickpea	public	"fastq,run.zq,sra"	"gs,ncbi,s3"	"gs.us-east1,ncbi.public,s3.us-east-1"	flowering	SRX3349653	Turkey	Asia	Turkey: Mardin	Illumina HiSeq 4000	mountain slope-field side or border	37.472725 N 41.392709 E	Bari3_065.PNATCACG_C01_AGCT	PAIRED	RANDOM	GENOMIC	Cicer reticulatum	ILLUMINA	2019-11-01T00:00:00Z	2017-11-01T12:45:00Z	1	Bari3_065	SRP123332	leaf	Bari3_065	21/05/2013		
SRR6242525	962 m	WGS	290	761976740	USAID Feed the Future Innovation Lab for Climate Resilient Chickpea	PRJNA416007	SAMN07948181	Plant	323719170	COOK LAB - UNIVERSITY OF CALIFORNIA AT DAVIS	USAID Feed the Future Innovation Lab for Climate Resilient Chickpea	public	"fastq,run.zq,sra"	"gs,ncbi,s3"	"gs.us-east1,ncbi.public,s3.us-east-1"	flowering	SRX3349652	Turkey	Asia	Turkey: Mardin	Illumina HiSeq 4000	mountain slope-field side or border	37.472691 N 41.39274 E	Bari3_064.P3ACAGTG_H05_CTAGGA	PAIRED	RANDOM	GENOMIC	Cicer reticulatum	ILLUMINA	2019-11-01T00:00:00Z	2017-11-01T12:34:00Z	1	Bari3_064	SRP123332	leaf	Bari3_064	21/05/2013		
SRR6242526	962 m	WGS	288	12519137376	USAID Feed the Future Innovation Lab for Climate Resilient Chickpea	PRJNA416007	SAMN07948181	Plant	4711894941	COOK LAB - UNIVERSITY OF CALIFORNIA AT DAVIS	USAID Feed the Future Innovation Lab for Climate Resilient Chickpea	public	"fastq,run.zq,sra"	"gs,ncbi,s3"	"gs.us-east1,ncbi.public,s3.us-east-1"	flowering	SRX3349651	Turkey	Asia	Turkey: Mardin	Illumina HiSeq 4000	mountain slope-field side or border	37.472691 N 41.39274 E	Bari3_064.POACAGTG_H05_CTAGGA	PAIRED	RANDOM	GENOMIC	Cicer reticulatum	ILLUMINA	2019-11-01T00:00:00Z	2017-11-01T13:46:00Z	1	Bari3_064	SRP123332	leaf	Bari3_064	21/05/2013		
SRR6242537	1005 m	WGS	294	4458756666	USAID Feed the Future Innovation Lab for Climate Resilient Chickpea	PRJNA416007	SAMN07948640	Plant	1911837176	COOK LAB - UNIVERSITY OF CALIFORNIA AT DAVIS	USAID Feed the Future Innovation Lab for Climate Resilient Chickpea	public	"fastq,run.zq,sra"	"gs,ncbi,s3"	"gs.us-east1,ncbi.public,s3.us-east-1"	flowering	SRX3349640	Turkey	Asia	Turkey: Mardin	Illumina HiSeq 4000	mountain slope-field side or border	37.547264 N 41.020284 E	Sarik_064.P2ACAGTG_A05_ACTG	PAIRED	RANDOM	GENOMIC	Cicer reticulatum	ILLUMINA	2019-11-01T00:00:00Z	2017-11-01T12:59:00Z	1	Sarik_064	SRP123332	leaf	Sarik_064	16/05/2013		
SRR6242538	1005 m	WGS	290	3714353060	USAID Feed the Future Innovation Lab for Climate Resilient Chickpea	PRJNA416007	SAMN07948638	Plant	1343436892	COOK LAB - UNIVERSITY OF CALIFORNIA AT DAVIS	USAID Feed the Future Innovation Lab for Climate Resilient Chickpea	public	"fastq,run.zq,sra"	"gs,ncbi,s3"	"gs.us-east1,ncbi.public,s3.us-east-1"	flowering	SRX3349639	Turkey	Asia	Turkey: Mardin	Illumina HiSeq 4000	mountain slope-field side or border	37.547188 N 41.020274 E	Sarik_061.PYCGATGT_F02_TGACA	PAIRED	RANDOM	GENOMIC	Cicer reticulatum	ILLUMINA	2019-11-01T00:00:00Z	2017-11-01T12:47:00Z	1	Sarik_061	SRP123332	leaf	Sarik_061	16/05/2013		
SRR6242539	1004 m	WGS	292	1223431236	USAID Feed the Future Innovation Lab for Climate Resilient Chickpea	PRJNA416007	SAMN07948641	Plant	515827523	COOK LAB - UNIVERSITY OF CALIFORNIA AT DAVIS	USAID Feed the Future Innovation Lab for Climate Resilient Chickpea	public	"fastq,run.zq,sra"	"gs,ncbi,s3"	"gs.us-east1,ncbi.public,s3.us-east-1"	flowering	SRX3349638	Turkey	Asia	Turkey: Mardin	Illumina HiSeq 4000	mountain slope-field side or border	37.547154 N 41.020203 E	Sarik_065.P3ACAGTG_F05_TGACA	PAIRED	RANDOM	GENOMIC	Cicer reticulatum	ILLUMINA	2019-11-01T00:00:00Z	2017-11-01T12:38:00Z	1	Sarik_065	SRP123332	leaf	Sarik_065	16/05/2013		
SRR6242540	1005 m	WGS	294	1587953388	USAID Feed the Future Innovation Lab for Climate Resilient Chickpea	PRJNA416007	SAMN07948640	Plant	707011457	COOK LAB - UNIVERSITY OF CALIFORNIA AT DAVIS	USAID Feed the Future Innovation Lab for Climate Resilient Chickpea	public	"fastq,run.zq,sra"	"gs,ncbi,s3"	"gs.us-east1,ncbi.public,s3.us-east-1"	flowering	SRX3349637	Turkey	Asia	Turkey: Mardin	Illumina HiSeq 4000	mountain slope-field side or border	37.547264 N 41.020284 E	Sarik_064.PAACAGTG_A05_ACTG	PAIRED	RANDOM	GENOMIC	Cicer reticulatum	ILLUMINA	2019-11-01T00:00:00Z	2017-11-01T13:36:00Z	1	Sarik_064	SRP123332	leaf	Sarik_064	16/05/2013		
SRR6242542	928 m	WGS	290	3835933530	USAID Feed the Future Innovation Lab for Climate Resilient Chickpea	PRJNA416007	SAMN07948606	Plant	1442275185	COOK LAB - UNIVERSITY OF CALIFORNIA AT DAVIS	USAID Feed the Future Innovation Lab for Climate Resilient Chickpea	public	"fastq,run.zq,sra"	"gs,ncbi,s3"	"gs.us-east1,ncbi.public,s3.us-east-1"	flowering	SRX3349635	Turkey	Asia	Turkey: Adiyaman	Illumina HiSeq 4000	mountain slope-field side or border	37.733818 N 37.802963 E	Oyali_111.PYTGACCA_F04_TGACA	PAIRED	RANDOM	GENOMIC	Cicer reticulatum	ILLUMINA	2019-11-01T00:00:00Z	2017-11-01T12:41:00Z	1	Oyali_111	SRP123332	leaf	Oyali_111			
SRR6242544	928 m	WGS	288	4914540864	USAID Feed the Future Innovation Lab for Climate Resilient Chickpea	PRJNA416007	SAMN07948607	Plant	1959749630	COOK LAB - UNIVERSITY OF CALIFORNIA AT DAVIS	USAID Feed the Future Innovation Lab for Climate Resilient Chickpea	public	"fastq,run.zq,sra"	"gs,ncbi,s3"	"gs.us-east1,ncbi.public,s3.us-east-1"	flowering	SRX3349633	Turkey	Asia	Turkey: Adiyaman	Illumina HiSeq 4000	mountain slope-field side or border	37.733806 N 37.802931 E	Oyali_112.PPACAGTG_G05_CAGTGC	PAIRED	RANDOM	GENOMIC	Cicer reticulatum	ILLUMINA	2019-11-01T00:00:00Z	2017-11-01T12:51:00Z	1	Oyali_112	SRP123332	leaf	Oyali_112			
SRR6242545	1003 m	WGS	294	1019268306	USAID Feed the Future Innovation Lab for Climate Resilient Chickpea	PRJNA416007	SAMN07948642	Plant	440691702	COOK LAB - UNIVERSITY OF CALIFORNIA AT DAVIS	USAID Feed the Future Innovation Lab for Climate Resilient Chickpea	public	"fastq,run.zq,sra"	"gs,ncbi,s3"	"gs.us-east1,ncbi.public,s3.us-east-1"	flowering	SRX3349632	Turkey	Asia	Turkey: Mardin	Illumina HiSeq 4000	mountain slope-field side or border	37.547158 N 41.020148 E	Sarik_066.P2TTAGGC_A03_ACTG	PAIRED	RANDOM	GENOMIC	Cicer reticulatum	ILLUMINA	2019-11-01T00:00:00Z	2017-11-01T12:41:00Z	1	Sarik_066	SRP123332	leaf	Sarik_066	16/05/2013		
SRR6242546	1004 m	WGS	290	7889097360	USAID Feed the Future Innovation Lab for Climate Resilient Chickpea	PRJNA416007	SAMN07948641	Plant	2951007501	COOK LAB - UNIVERSITY OF CALIFORNIA AT DAVIS	USAID Feed the Future Innovation Lab for Climate Resilient Chickpea	public	"fastq,run.zq,sra"	"gs,ncbi,s3"	"gs.us-east1,ncbi.public,s3.us-east-1"	flowering	SRX3349631	Turkey	Asia	Turkey: Mardin	Illumina HiSeq 4000	mountain slope-field side or border	37.547154 N 41.020203 E	Sarik_065.PQACAGTG_F05_TGACA	PAIRED	RANDOM	GENOMIC	Cicer reticulatum	ILLUMINA	2019-11-01T00:00:00Z	2017-11-01T12:57:00Z	1	Sarik_065	SRP123332	leaf	Sarik_065	16/05/2013		
SRR6242555	952 m	WGS	292	1396565920	USAID Feed the Future Innovation Lab for Climate Resilient Chickpea	PRJNA416007	SAMN07948201	Plant	688770128	COOK LAB - UNIVERSITY OF CALIFORNIA AT DAVIS	USAID Feed the Future Innovation Lab for Climate Resilient Chickpea	public	"fastq,run.zq,sra"	"gs,ncbi,s3"	"gs.us-east1,ncbi.public,s3.us-east-1"	flowering	SRX3349622	Turkey	Asia	Turkey: Mardin	Illumina HiSeq 4000	mountain slope-field side or border	37.472736 N 41.392443 E	Bari3_104.PKTAGCTT_D10_TACGA	PAIRED	RANDOM	GENOMIC	Cicer reticulatum	ILLUMINA	2019-11-01T00:00:00Z	2017-11-01T12:39:00Z	1	Bari3_104	SRP123332	leaf	Bari3_104	21/05/2013		
SRR6242556	956 m	WGS	290	529985730	USAID Feed the Future Innovation Lab for Climate Resilient Chickpea	PRJNA416007	SAMN07948213	Plant	229095029	COOK LAB - UNIVERSITY OF CALIFORNIA AT DAVIS	USAID Feed the Future Innovation Lab for Climate Resilient Chickpea	public	"fastq,run.zq,sra"	"gs,ncbi,s3"	"gs.us-east1,ncbi.public,s3.us-east-1"	flowering	SRX3349621	Turkey	Asia	Turkey: Mardin	Illumina HiSeq 4000	mountain slope-field side or border	37.472563 N 41.392512 E	Bari3_112.P3GGCTAC_H11_CTAGGA	PAIRED	RANDOM	GENOMIC	Cicer reticulatum	ILLUMINA	2019-11-01T00:00:00Z	2017-11-01T12:37:00Z	1	Bari3_112	SRP123332	leaf	Bari3_112	21/05/2013		
SRR6242557	955 m	WGS	290	4181946740	USAID Feed the Future Innovation Lab for Climate Resilient Chickpea	PRJNA416007	SAMN07948211	Plant	1541282068	COOK LAB - UNIVERSITY OF CALIFORNIA AT DAVIS	USAID Feed the Future Innovation Lab for Climate Resilient Chickpea	public	"fastq,run.zq,sra"	"gs,ncbi,s3"	"gs.us-east1,ncbi.public,s3.us-east-1"	flowering	SRX3349620	Turkey	Asia	Turkey: Mardin	Illumina HiSeq 4000	mountain slope-field side or border	37.472777 N 41.392372 E	Bari3_110.PYTTAGGC_F03_TGACA	PAIRED	RANDOM	GENOMIC	Cicer reticulatum	ILLUMINA	2019-11-01T00:00:00Z	2017-11-01T12:53:00Z	1	Bari3_110	SRP123332	leaf	Bari3_110	21/05/2013		
SRR6242559	952 m	WGS	250	7064793500	USAID Feed the Future Innovation Lab for Climate Resilient Chickpea	PRJNA416007	SAMN07948207	Plant	2235524910	COOK LAB - UNIVERSITY OF CALIFORNIA AT DAVIS	USAID Feed the Future Innovation Lab for Climate Resilient Chickpea	public	"fastq,run.zq,sra"	"gs,ncbi,s3"	"gs.us-east1,ncbi.public,s3.us-east-1"	flowering	SRX3349618	Turkey	Asia	Turkey: Mardin	Illumina HiSeq 4000	mountain slope-field side or border	37.472747 N 41.392378 E	Bari3_106D.P4_TGACCA	PAIRED	RANDOM	GENOMIC	Cicer reticulatum	ILLUMINA	2019-11-01T00:00:00Z	2017-11-01T12:53:00Z	1	Bari3_106D	SRP123332	leaf	Bari3_106D	21/05/2013		
SRR6242560	952 m	WGS	250	16999079000	USAID Feed the Future Innovation Lab for Climate Resilient Chickpea	PRJNA416007	SAMN07948207	Plant	5562181916	COOK LAB - UNIVERSITY OF CALIFORNIA AT DAVIS	USAID Feed the Future Innovation Lab for Climate Resilient Chickpea	public	"fastq,run.zq,sra"	"gs,ncbi,s3"	"gs.us-east1,ncbi.public,s3.us-east-1"	flowering	SRX3349617	Turkey	Asia	Turkey: Mardin	Illumina HiSeq 4000	mountain slope-field side or border	37.472747 N 41.392378 E	Bari3_106D.P1_TGACCA	PAIRED	RANDOM	GENOMIC	Cicer reticulatum	ILLUMINA	2019-11-01T00:00:00Z	2017-11-01T13:23:00Z	1	Bari3_106D	SRP123332	leaf	Bari3_106D	21/05/2013		
SRR6242574	902 m	WGS	290	1550210370	USAID Feed the Future Innovation Lab for Climate Resilient Chickpea	PRJNA416007	SAMN07948250	Plant	695606335	COOK LAB - UNIVERSITY OF CALIFORNIA AT DAVIS	USAID Feed the Future Innovation Lab for Climate Resilient Chickpea	public	"fastq,run.zq,sra"	"gs,ncbi,s3"	"gs.us-east1,ncbi.public,s3.us-east-1"	flowering	SRX3350041	Turkey	Asia	Turkey: Mardin	Illumina HiSeq 4000	mountain slope-field side or border	37.516617 N 40.85523 E	Besev_066.P2GATCAG_G09_CAGTGC	PAIRED	RANDOM	GENOMIC	Cicer reticulatum	ILLUMINA	2019-11-01T00:00:00Z	2017-11-01T12:42:00Z	1	Besev_066	SRP123332	leaf	Besev_066	19/05/2013		
SRR6242575	1365 m	WGS	294	3308383764	USAID Feed the Future Innovation Lab for Climate Resilient Chickpea	PRJNA416007	SAMN07948329	Plant	1475151060	COOK LAB - UNIVERSITY OF CALIFORNIA AT DAVIS	USAID Feed the Future Innovation Lab for Climate Resilient Chickpea	public	"fastq,run.zq,sra"	"gs,ncbi,s3"	"gs.us-east1,ncbi.public,s3.us-east-1"	flowering	SRX3350040	Turkey	Asia	Turkey: Sirnak	Illumina HiSeq 4000	mountain slope-field side or border	37.426749 N 42.502801 E	CudiB_004.PAACTTGA_A08_ACTG	PAIRED	RANDOM	GENOMIC	Cicer reticulatum	ILLUMINA	2019-11-01T00:00:00Z	2017-11-01T12:47:00Z	1	CudiB_004	SRP123332	leaf	CudiB_004	23/05/2013		
SRR6242577	1230 m	WGS	290	5829294930	USAID Feed the Future Innovation Lab for Climate Resilient Chickpea	PRJNA416007	SAMN07948328	Plant	2231354100	COOK LAB - UNIVERSITY OF CALIFORNIA AT DAVIS	USAID Feed the Future Innovation Lab for Climate Resilient Chickpea	public	"fastq,run.zq,sra"	"gs,ncbi,s3"	"gs.us-east1,ncbi.public,s3.us-east-1"	flowering	SRX3350038	Turkey	Asia	Turkey: Sirnak	Illumina HiSeq 4000	mountain slope-field side or border	37.43282301 N 42.49216499 E	CudiA_221.PVTGACCA_D04_TACGA	PAIRED	RANDOM	GENOMIC	Cicer reticulatum	ILLUMINA	2019-11-01T00:00:00Z	2017-11-01T12:57:00Z	1	CudiA_221	SRP123332	leaf	CudiA_221	23/05/2013		
SRR6242578	1365 m	WGS	294	1380988266	USAID Feed the Future Innovation Lab for Climate Resilient Chickpea	PRJNA416007	SAMN07948329	Plant	594026511	COOK LAB - UNIVERSITY OF CALIFORNIA AT DAVIS	USAID Feed the Future Innovation Lab for Climate Resilient Chickpea	public	"fastq,run.zq,sra"	"gs,ncbi,s3"	"gs.us-east1,ncbi.public,s3.us-east-1"	flowering	SRX3350037	Turkey	Asia	Turkey: Sirnak	Illumina HiSeq 4000	mountain slope-field side or border	37.426749 N 42.502801 E	CudiB_004.P2ACTTGA_A08_ACTG	PAIRED	RANDOM	GENOMIC	Cicer reticulatum	ILLUMINA	2019-11-01T00:00:00Z	2017-11-01T13:37:00Z	1	CudiB_004	SRP123332	leaf	CudiB_004	23/05/2013		
SRR6242579	1366 m	WGS	290	6766274780	USAID Feed the Future Innovation Lab for Climate Resilient Chickpea	PRJNA416007	SAMN07948331	Plant	2555518823	COOK LAB - UNIVERSITY OF CALIFORNIA AT DAVIS	USAID Feed the Future Innovation Lab for Climate Resilient Chickpea	public	"fastq,run.zq,sra"	"gs,ncbi,s3"	"gs.us-east1,ncbi.public,s3.us-east-1"	flowering	SRX3350036	Turkey	Asia	Turkey: Sirnak	Illumina HiSeq 4000	mountain slope-field side or border	37.426751 N 42.502703 E	CudiB_006.PSTAGCTT_F10_TGACA	PAIRED	RANDOM	GENOMIC	Cicer reticulatum	ILLUMINA	2019-11-01T00:00:00Z	2017-11-01T12:57:00Z	1	CudiB_006	SRP123332	leaf	CudiB_006	23/05/2013		
SRR6242581	1365 m	WGS	290	1808725650	USAID Feed the Future Innovation Lab for Climate Resilient Chickpea	PRJNA416007	SAMN07948330	Plant	704390405	COOK LAB - UNIVERSITY OF CALIFORNIA AT DAVIS	USAID Feed the Future Innovation Lab for Climate Resilient Chickpea	public	"fastq,run.zq,sra"	"gs,ncbi,s3"	"gs.us-east1,ncbi.public,s3.us-east-1"	flowering	SRX3350034	Turkey	Asia	Turkey: Sirnak	Illumina HiSeq 4000	mountain slope-field side or border	37.426762 N 42.502719 E	CudiB_005.PPGGCTAC_C11_AGCT	PAIRED	RANDOM	GENOMIC	Cicer reticulatum	ILLUMINA	2019-11-01T00:00:00Z	2017-11-01T12:45:00Z	1	CudiB_005	SRP123332	leaf	CudiB_005	23/05/2013		
SRR6242583	1366 m	WGS	288	4802735520	USAID Feed the Future Innovation Lab for Climate Resilient Chickpea	PRJNA416007	SAMN07948332	Plant	1798290812	COOK LAB - UNIVERSITY OF CALIFORNIA AT DAVIS	USAID Feed the Future Innovation Lab for Climate Resilient Chickpea	public	"fastq,run.zq,sra"	"gs,ncbi,s3"	"gs.us-east1,ncbi.public,s3.us-east-1"	flowering	SRX3350032	Turkey	Asia	Turkey: Sirnak	Illumina HiSeq 4000	mountain slope-field side or border	37.426751 N 42.502703 E	CudiB_008.PSCAGATC_H07_CTAGGA	PAIRED	RANDOM	GENOMIC	Cicer reticulatum	ILLUMINA	2019-11-01T00:00:00Z	2017-11-01T12:52:00Z	1	CudiB_008	SRP123332	leaf	CudiB_008	23/05/2013		
SRR6242585	891 m	WGS	250	21636652250	USAID Feed the Future Innovation Lab for Climate Resilient Chickpea	PRJNA416007	SAMN07948503	Plant	7204518527	COOK LAB - UNIVERSITY OF CALIFORNIA AT DAVIS	USAID Feed the Future Innovation Lab for Climate Resilient Chickpea	public	"fastq,run.zq,sra"	"gs,ncbi,s3"	"gs.us-east1,ncbi.public,s3.us-east-1"	flowering	SRX3350030	Turkey	Asia	Turkey: Diyarbakir	Illumina HiSeq 4000	mountain slope-field side or border	38.203869 N 39.606702 E	Kesen_075.P2_CGATGT	PAIRED	RANDOM	GENOMIC	Cicer reticulatum	ILLUMINA	2019-11-01T00:00:00Z	2017-11-01T13:54:00Z	1	Kesen_075	SRP123332	leaf	Kesen_075	8/05/2013		Kesen_075
SRR6242586	888 m	WGS	290	1364518730	USAID Feed the Future Innovation Lab for Climate Resilient Chickpea	PRJNA416007	SAMN07948502	Plant	683157016	COOK LAB - UNIVERSITY OF CALIFORNIA AT DAVIS	USAID Feed the Future Innovation Lab for Climate Resilient Chickpea	public	"fastq,run.zq,sra"	"gs,ncbi,s3"	"gs.us-east1,ncbi.public,s3.us-east-1"	flowering	SRX3350029	Turkey	Asia	Turkey: Diyarbakir	Illumina HiSeq 4000	mountain slope-field side or border	38.203889 N 39.606729 E	Kesen_074.PKTAGCTT_G10_CAGTGC	PAIRED	RANDOM	GENOMIC	Cicer reticulatum	ILLUMINA	2019-11-01T00:00:00Z	2017-11-01T12:47:00Z	1	Kesen_074	SRP123332	leaf	Kesen_074	8/05/2013		
SRR6242588	879 m	WGS	292	3740183324	USAID Feed the Future Innovation Lab for Climate Resilient Chickpea	PRJNA416007	SAMN07948498	Plant	1535940794	COOK LAB - UNIVERSITY OF CALIFORNIA AT DAVIS	USAID Feed the Future Innovation Lab for Climate Resilient Chickpea	public	"fastq,run.zq,sra"	"gs,ncbi,s3"	"gs.us-east1,ncbi.public,s3.us-east-1"	flowering	SRX3350027	Turkey	Asia	Turkey: Diyarbakir	Illumina HiSeq 4000	mountain slope-field side or border	38.204139 N 39.606801 E	Kesen_067.PTGATCAG_C09_AGCT	PAIRED	RANDOM	GENOMIC	Cicer reticulatum	ILLUMINA	2019-11-01T00:00:00Z	2017-11-01T12:54:00Z	1	Kesen_067	SRP123332	leaf	Kesen_067	8/05/2013		
SRR6242590	886 m	WGS	292	4566305928	USAID Feed the Future Innovation Lab for Climate Resilient Chickpea	PRJNA416007	SAMN07948499	Plant	1801284973	COOK LAB - UNIVERSITY OF CALIFORNIA AT DAVIS	USAID Feed the Future Innovation Lab for Climate Resilient Chickpea	public	"fastq,run.zq,sra"	"gs,ncbi,s3"	"gs.us-east1,ncbi.public,s3.us-east-1"	flowering	SRX3350025	Turkey	Asia	Turkey: Diyarbakir	Illumina HiSeq 4000	mountain slope-field side or border	38.203903 N 39.606829 E	Kesen_071.PQCTTGTA_C12_AGCT	PAIRED	RANDOM	GENOMIC	Cicer reticulatum	ILLUMINA	2019-11-01T00:00:00Z	2017-11-01T12:49:00Z	1	Kesen_071	SRP123332	leaf	Kesen_071	8/05/2013		
SRR6242592	886 m	WGS	292	7146069280	USAID Feed the Future Innovation Lab for Climate Resilient Chickpea	PRJNA416007	SAMN07948500	Plant	2776829521	COOK LAB - UNIVERSITY OF CALIFORNIA AT DAVIS	USAID Feed the Future Innovation Lab for Climate Resilient Chickpea	public	"fastq,run.zq,sra"	"gs,ncbi,s3"	"gs.us-east1,ncbi.public,s3.us-east-1"	flowering	SRX3350023	Turkey	Asia	Turkey: Diyarbakir	Illumina HiSeq 4000	mountain slope-field side or border	38.203893 N 39.606853 E	Kesen_072.PSCTTGTA_A12_ACTG	PAIRED	RANDOM	GENOMIC	Cicer reticulatum	ILLUMINA	2019-11-01T00:00:00Z	2017-11-01T13:07:00Z	1	Kesen_072	SRP123332	leaf	Kesen_072	8/05/2013		
SRR6242594	887 m	WGS	290	1612260800	USAID Feed the Future Innovation Lab for Climate Resilient Chickpea	PRJNA416007	SAMN07948501	Plant	603521716	COOK LAB - UNIVERSITY OF CALIFORNIA AT DAVIS	USAID Feed the Future Innovation Lab for Climate Resilient Chickpea	public	"fastq,run.zq,sra"	"gs,ncbi,s3"	"gs.us-east1,ncbi.public,s3.us-east-1"	flowering	SRX3350021	Turkey	Asia	Turkey: Diyarbakir	Illumina HiSeq 4000	mountain slope-field side or border	38.203888 N 39.606757 E	Kesen_073.POTTAGGC_C03_AGCT	PAIRED	RANDOM	GENOMIC	Cicer reticulatum	ILLUMINA	2019-11-01T00:00:00Z	2017-11-01T12:44:00Z	1	Kesen_073	SRP123332	leaf	Kesen_073	8/05/2013		
SRR6242596	878 m	WGS	292	4541348396	USAID Feed the Future Innovation Lab for Climate Resilient Chickpea	PRJNA416007	SAMN07948497	Plant	1774583514	COOK LAB - UNIVERSITY OF CALIFORNIA AT DAVIS	USAID Feed the Future Innovation Lab for Climate Resilient Chickpea	public	"fastq,run.zq,sra"	"gs,ncbi,s3"	"gs.us-east1,ncbi.public,s3.us-east-1"	flowering	SRX3350019	Turkey	Asia	Turkey: Diyarbakir	Illumina HiSeq 4000	mountain slope-field side or border	38.204136 N 39.606797 E	Kesen_066.PUTAGCTT_B10_ATGC	PAIRED	RANDOM	GENOMIC	Cicer reticulatum	ILLUMINA	2019-11-01T00:00:00Z	2017-11-01T12:53:00Z	1	Kesen_066	SRP123332	leaf	Kesen_066	8/05/2013		
SRR6242598	1086 m	WGS	250	10567075250	USAID Feed the Future Innovation Lab for Climate Resilient Chickpea	PRJNA416007	SAMN07948482	Plant	3281105109	COOK LAB - UNIVERSITY OF CALIFORNIA AT DAVIS	USAID Feed the Future Innovation Lab for Climate Resilient Chickpea	public	"fastq,run.zq,sra"	"gs,ncbi,s3"	"gs.us-east1,ncbi.public,s3.us-east-1"	flowering	SRX3350017	Turkey	Asia	Turkey: Mardin	Illumina HiSeq 4000	mountain slope-field side or border	37.519145 N 40.93835 E	Kayat_077.P6_ACTTGA	PAIRED	RANDOM	GENOMIC	Cicer reticulatum	ILLUMINA	2019-11-01T00:00:00Z	2017-11-01T13:03:00Z	1	Kayat_077	SRP123332	leaf	Kayat_077	20/05/2013		
SRR6242600	1085 m	WGS	288	5403477024	USAID Feed the Future Innovation Lab for Climate Resilient Chickpea	PRJNA416007	SAMN07948484	Plant	2126861548	COOK LAB - UNIVERSITY OF CALIFORNIA AT DAVIS	USAID Feed the Future Innovation Lab for Climate Resilient Chickpea	public	"fastq,run.zq,sra"	"gs,ncbi,s3"	"gs.us-east1,ncbi.public,s3.us-east-1"	flowering	SRX3350015	Turkey	Asia	Turkey: Mardin	Illumina HiSeq 4000	mountain slope-field side or border	37.519386 N 40.938055 E	Kayat_080.PWGATCAG_G09_CAGTGC	PAIRED	RANDOM	GENOMIC	Cicer reticulatum	ILLUMINA	2019-11-01T00:00:00Z	2017-11-01T13:00:00Z	1	Kayat_080	SRP123332	leaf	Kayat_080	20/05/2013		
SRR6242602	877 m	WGS	288	7296844608	USAID Feed the Future Innovation Lab for Climate Resilient Chickpea	PRJNA416007	SAMN07948492	Plant	2770086133	COOK LAB - UNIVERSITY OF CALIFORNIA AT DAVIS	USAID Feed the Future Innovation Lab for Climate Resilient Chickpea	public	"fastq,run.zq,sra"	"gs,ncbi,s3"	"gs.us-east1,ncbi.public,s3.us-east-1"	flowering	SRX3350013	Turkey	Asia	Turkey: Diyarbakir	Illumina HiSeq 4000	mountain slope-field side or border	38.204149 N 39.606821 E	Kesen_061.PXCGATGT_H02_CTAGGA	PAIRED	RANDOM	GENOMIC	Cicer reticulatum	ILLUMINA	2019-11-01T00:00:00Z	2017-11-01T12:56:00Z	1	Kesen_061	SRP123332	leaf	Kesen_061	8/05/2013		
SRR6242604	878 m	WGS	292	3750258784	USAID Feed the Future Innovation Lab for Climate Resilient Chickpea	PRJNA416007	SAMN07948496	Plant	1467774946	COOK LAB - UNIVERSITY OF CALIFORNIA AT DAVIS	USAID Feed the Future Innovation Lab for Climate Resilient Chickpea	public	"fastq,run.zq,sra"	"gs,ncbi,s3"	"gs.us-east1,ncbi.public,s3.us-east-1"	flowering	SRX3350011	Turkey	Asia	Turkey: Diyarbakir	Illumina HiSeq 4000	mountain slope-field side or border	38.204139 N 39.606796 E	Kesen_065.PLACAGTG_A05_ACTG	PAIRED	RANDOM	GENOMIC	Cicer reticulatum	ILLUMINA	2019-11-01T00:00:00Z	2017-11-01T12:52:00Z	1	Kesen_065	SRP123332	leaf	Kesen_065	8/05/2013		
SRR6242606	1695 m	WGS	294	3185015484	USAID Feed the Future Innovation Lab for Climate Resilient Chickpea	PRJNA416007	SAMN07948724	Plant	1404498371	COOK LAB - UNIVERSITY OF CALIFORNIA AT DAVIS	USAID Feed the Future Innovation Lab for Climate Resilient Chickpea	public	"fastq,run.zq,sra"	"gs,ncbi,s3"	"gs.us-east1,ncbi.public,s3.us-east-1"	flowering	SRX3350009	Turkey	Asia	Turkey: Sirnak	Illumina HiSeq 4000	mountain slope-field side or border	37.543666 N 42.453936 E	Sirna_085.PAACAGTG_B05_ATGC	PAIRED	RANDOM	GENOMIC	Cicer reticulatum	ILLUMINA	2019-11-01T00:00:00Z	2017-11-01T12:49:00Z	1	Sirna_085	SRP123332	leaf	Sirna_085	23/05/2013		
SRR6242608	1695 m	WGS	288	3986650368	USAID Feed the Future Innovation Lab for Climate Resilient Chickpea	PRJNA416007	SAMN07948723	Plant	1556635778	COOK LAB - UNIVERSITY OF CALIFORNIA AT DAVIS	USAID Feed the Future Innovation Lab for Climate Resilient Chickpea	public	"fastq,run.zq,sra"	"gs,ncbi,s3"	"gs.us-east1,ncbi.public,s3.us-east-1"	flowering	SRX3350007	Turkey	Asia	Turkey: Sirnak	Illumina HiSeq 4000	mountain slope-field side or border	37.543673 N 42.453921 E	Sirna_084.POCGATGT_G02_CAGTGC	PAIRED	RANDOM	GENOMIC	Cicer reticulatum	ILLUMINA	2019-11-01T00:00:00Z	2017-11-01T12:51:00Z	1	Sirna_084	SRP123332	leaf	Sirna_084	23/05/2013		
SRR6242609	1697 m	WGS	294	641033778	USAID Feed the Future Innovation Lab for Climate Resilient Chickpea	PRJNA416007	SAMN07948726	Plant	271714776	COOK LAB - UNIVERSITY OF CALIFORNIA AT DAVIS	USAID Feed the Future Innovation Lab for Climate Resilient Chickpea	public	"fastq,run.zq,sra"	"gs,ncbi,s3"	"gs.us-east1,ncbi.public,s3.us-east-1"	flowering	SRX3350006	Turkey	Asia	Turkey: Sirnak	Illumina HiSeq 4000	mountain slope-field side or border	37.543622 N 42.453866 E	Sirna_088.P3ACTTGA_C08_AGCT	PAIRED	RANDOM	GENOMIC	Cicer reticulatum	ILLUMINA	2019-11-01T00:00:00Z	2017-11-01T12:44:00Z	1	Sirna_088	SRP123332	leaf	Sirna_088	23/05/2013		
SRR6242610	1697 m	WGS	292	5758614928	USAID Feed the Future Innovation Lab for Climate Resilient Chickpea	PRJNA416007	SAMN07948726	Plant	2222720623	COOK LAB - UNIVERSITY OF CALIFORNIA AT DAVIS	USAID Feed the Future Innovation Lab for Climate Resilient Chickpea	public	"fastq,run.zq,sra"	"gs,ncbi,s3"	"gs.us-east1,ncbi.public,s3.us-east-1"	flowering	SRX3350005	Turkey	Asia	Turkey: Sirnak	Illumina HiSeq 4000	mountain slope-field side or border	37.543622 N 42.453866 E	Sirna_088.PVACTTGA_C08_AGCT	PAIRED	RANDOM	GENOMIC	Cicer reticulatum	ILLUMINA	2019-11-01T00:00:00Z	2017-11-01T12:55:00Z	1	Sirna_088	SRP123332	leaf	Sirna_088	23/05/2013		
SRR6242612	977 m	WGS	292	5618421640	USAID Feed the Future Innovation Lab for Climate Resilient Chickpea	PRJNA416007	SAMN07948069	Plant	2196145499	COOK LAB - UNIVERSITY OF CALIFORNIA AT DAVIS	USAID Feed the Future Innovation Lab for Climate Resilient Chickpea	public	"fastq,run.zq,sra"	"gs,ncbi,s3"	"gs.us-east1,ncbi.public,s3.us-east-1"	flowering	SRX3350003	Turkey	Asia	Turkey: Mardin	Illumina HiSeq 4000	mountain slope-field side or border	37.485418 N 41.373291 E	Bari1_093.PPGATCAG_B09_ATGC	PAIRED	RANDOM	GENOMIC	Cicer reticulatum	ILLUMINA	2019-11-01T00:00:00Z	2017-11-01T13:06:00Z	1	Bari1_093	SRP123332	leaf	Bari1_093	21/05/2013		
SRR6242613	1697 m	WGS	290	1146787600	USAID Feed the Future Innovation Lab for Climate Resilient Chickpea	PRJNA416007	SAMN07948727	Plant	517449947	COOK LAB - UNIVERSITY OF CALIFORNIA AT DAVIS	USAID Feed the Future Innovation Lab for Climate Resilient Chickpea	public	"fastq,run.zq,sra"	"gs,ncbi,s3"	"gs.us-east1,ncbi.public,s3.us-east-1"	flowering	SRX3350002	Turkey	Asia	Turkey: Sirnak	Illumina HiSeq 4000	mountain slope-field side or border	37.543622 N 42.453866 E	Sirna_089.P2ATCACG_G01_CAGTGC	PAIRED	RANDOM	GENOMIC	Cicer reticulatum	ILLUMINA	2019-11-01T00:00:00Z	2017-11-01T12:45:00Z	1	Sirna_089	SRP123332	leaf	Sirna_089	23/05/2013		
SRR6242614	1697 m	WGS	288	1941430464	USAID Feed the Future Innovation Lab for Climate Resilient Chickpea	PRJNA416007	SAMN07948727	Plant	768920178	COOK LAB - UNIVERSITY OF CALIFORNIA AT DAVIS	USAID Feed the Future Innovation Lab for Climate Resilient Chickpea	public	"fastq,run.zq,sra"	"gs,ncbi,s3"	"gs.us-east1,ncbi.public,s3.us-east-1"	flowering	SRX3350001	Turkey	Asia	Turkey: Sirnak	Illumina HiSeq 4000	mountain slope-field side or border	37.543622 N 42.453866 E	Sirna_089.PSATCACG_G01_CAGTGC	PAIRED	RANDOM	GENOMIC	Cicer reticulatum	ILLUMINA	2019-11-01T00:00:00Z	2017-11-01T12:46:00Z	1	Sirna_089	SRP123332	leaf	Sirna_089	23/05/2013		
SRR6242623	1661 m	WGS	294	2670196200	USAID Feed the Future Innovation Lab for Climate Resilient Chickpea	PRJNA416007	SAMN07948708	Plant	1133245426	COOK LAB - UNIVERSITY OF CALIFORNIA AT DAVIS	USAID Feed the Future Innovation Lab for Climate Resilient Chickpea	public	"fastq,run.zq,sra"	"gs,ncbi,s3"	"gs.us-east1,ncbi.public,s3.us-east-1"	flowering	SRX3349992	Turkey	Asia	Turkey: Sirnak	Illumina HiSeq 4000	mountain slope-field side or border	37.543377 N 42.454599 E	Sirna_064.P2ATCACG_A01_ACTG	PAIRED	RANDOM	GENOMIC	Cicer reticulatum	ILLUMINA	2019-11-01T00:00:00Z	2017-11-01T12:52:00Z	1	Sirna_064	SRP123332	leaf	Sirna_064	23/05/2013		
SRR6242624	1661 m	WGS	292	2971702104	USAID Feed the Future Innovation Lab for Climate Resilient Chickpea	PRJNA416007	SAMN07948708	Plant	1165247383	COOK LAB - UNIVERSITY OF CALIFORNIA AT DAVIS	USAID Feed the Future Innovation Lab for Climate Resilient Chickpea	public	"fastq,run.zq,sra"	"gs,ncbi,s3"	"gs.us-east1,ncbi.public,s3.us-east-1"	flowering	SRX3349991	Turkey	Asia	Turkey: Sirnak	Illumina HiSeq 4000	mountain slope-field side or border	37.543377 N 42.454599 E	Sirna_064.PLATCACG_A01_ACTG	PAIRED	RANDOM	GENOMIC	Cicer reticulatum	ILLUMINA	2019-11-01T00:00:00Z	2017-11-01T12:53:00Z	1	Sirna_064	SRP123332	leaf	Sirna_064	23/05/2013		
SRR6242626	1691 m	WGS	292	7906650148	USAID Feed the Future Innovation Lab for Climate Resilient Chickpea	PRJNA416007	SAMN07948712	Plant	3064855743	COOK LAB - UNIVERSITY OF CALIFORNIA AT DAVIS	USAID Feed the Future Innovation Lab for Climate Resilient Chickpea	public	"fastq,run.zq,sra"	"gs,ncbi,s3"	"gs.us-east1,ncbi.public,s3.us-east-1"	flowering	SRX3349989	Turkey	Asia	Turkey: Sirnak	Illumina HiSeq 4000	mountain slope-field side or border	37.543681 N 42.453993 E	Sirna_067.PPGCCAAT_B06_ATGC	PAIRED	RANDOM	GENOMIC	Cicer reticulatum	ILLUMINA	2019-11-01T00:00:00Z	2017-11-01T13:00:00Z	1	Sirna_067	SRP123332	leaf	Sirna_067	23/05/2013		
SRR6242628	1659 m	WGS	290	3947132870	USAID Feed the Future Innovation Lab for Climate Resilient Chickpea	PRJNA416007	SAMN07948706	Plant	1486779425	COOK LAB - UNIVERSITY OF CALIFORNIA AT DAVIS	USAID Feed the Future Innovation Lab for Climate Resilient Chickpea	public	"fastq,run.zq,sra"	"gs,ncbi,s3"	"gs.us-east1,ncbi.public,s3.us-east-1"	flowering	SRX3349987	Turkey	Asia	Turkey: Sirnak	Illumina HiSeq 4000	mountain slope-field side or border	37.543324 N 42.454628 E	Sirna_062.PVCAGATC_F07_TGACA	PAIRED	RANDOM	GENOMIC	Cicer reticulatum	ILLUMINA	2019-11-01T00:00:00Z	2017-11-01T13:01:00Z	1	Sirna_062	SRP123332	leaf	Sirna_062	23/05/2013		
SRR6242629	1660 m	WGS	292	1020923688	USAID Feed the Future Innovation Lab for Climate Resilient Chickpea	PRJNA416007	SAMN07948707	Plant	433984469	COOK LAB - UNIVERSITY OF CALIFORNIA AT DAVIS	USAID Feed the Future Innovation Lab for Climate Resilient Chickpea	public	"fastq,run.zq,sra"	"gs,ncbi,s3"	"gs.us-east1,ncbi.public,s3.us-east-1"	flowering	SRX3349986	Turkey	Asia	Turkey: Sirnak	Illumina HiSeq 4000	mountain slope-field side or border	37.543335 N 42.454606 E	Sirna_063.P2ACTTGA_F08_TGACA	PAIRED	RANDOM	GENOMIC	Cicer reticulatum	ILLUMINA	2019-11-01T00:00:00Z	2017-11-01T12:46:00Z	1	Sirna_063	SRP123332	leaf	Sirna_063	23/05/2013		
SRR6242630	1660 m	WGS	290	1858726290	USAID Feed the Future Innovation Lab for Climate Resilient Chickpea	PRJNA416007	SAMN07948707	Plant	687770377	COOK LAB - UNIVERSITY OF CALIFORNIA AT DAVIS	USAID Feed the Future Innovation Lab for Climate Resilient Chickpea	public	"fastq,run.zq,sra"	"gs,ncbi,s3"	"gs.us-east1,ncbi.public,s3.us-east-1"	flowering	SRX3349985	Turkey	Asia	Turkey: Sirnak	Illumina HiSeq 4000	mountain slope-field side or border	37.543335 N 42.454606 E	Sirna_063.PUACTTGA_F08_TGACA	PAIRED	RANDOM	GENOMIC	Cicer reticulatum	ILLUMINA	2019-11-01T00:00:00Z	2017-11-01T12:56:00Z	1	Sirna_063	SRP123332	leaf	Sirna_063	23/05/2013		
SRR6242631	988 m	WGS	250	6772376500	USAID Feed the Future Innovation Lab for Climate Resilient Chickpea	PRJNA416007	SAMN07948386	Plant	2112683190	COOK LAB - UNIVERSITY OF CALIFORNIA AT DAVIS	USAID Feed the Future Innovation Lab for Climate Resilient Chickpea	public	"fastq,run.zq,sra"	"gs,ncbi,s3"	"gs.us-east1,ncbi.public,s3.us-east-1"	flowering	SRX3349984	Turkey	Asia	Turkey: Diyarbakir	Illumina HiSeq 4000	mountain slope-field side or border	38.274548 N 40.064524 E	Egill_073.P4_GATCAG	PAIRED	RANDOM	GENOMIC	Cicer reticulatum	ILLUMINA	2019-11-01T00:00:00Z	2017-11-01T13:09:00Z	1	Egill_073	SRP123332	leaf	Egill_073	8/05/2013		Egill_073
SRR6242632	988 m	WGS	250	16203757000	USAID Feed the Future Innovation Lab for Climate Resilient Chickpea	PRJNA416007	SAMN07948386	Plant	5133974701	COOK LAB - UNIVERSITY OF CALIFORNIA AT DAVIS	USAID Feed the Future Innovation Lab for Climate Resilient Chickpea	public	"fastq,run.zq,sra"	"gs,ncbi,s3"	"gs.us-east1,ncbi.public,s3.us-east-1"	flowering	SRX3349983	Turkey	Asia	Turkey: Diyarbakir	Illumina HiSeq 4000	mountain slope-field side or border	38.274548 N 40.064524 E	Egill_073.P1_GATCAG	PAIRED	RANDOM	GENOMIC	Cicer reticulatum	ILLUMINA	2019-11-01T00:00:00Z	2017-11-01T13:36:00Z	1	Egill_073	SRP123332	leaf	Egill_073	8/05/2013		Egill_073
SRR6242633	986 m	WGS	292	7105134968	USAID Feed the Future Innovation Lab for Climate Resilient Chickpea	PRJNA416007	SAMN07948383	Plant	2711105623	COOK LAB - UNIVERSITY OF CALIFORNIA AT DAVIS	USAID Feed the Future Innovation Lab for Climate Resilient Chickpea	public	"fastq,run.zq,sra"	"gs,ncbi,s3"	"gs.us-east1,ncbi.public,s3.us-east-1"	flowering	SRX3349982	Turkey	Asia	Turkey: Diyarbakir	Illumina HiSeq 4000	mountain slope-field side or border	38.274334 N 40.064554 E	Egill_069.PNACTTGA_A08_ACTG	PAIRED	RANDOM	GENOMIC	Cicer reticulatum	ILLUMINA	2019-11-01T00:00:00Z	2017-11-01T12:59:00Z	1	Egill_069	SRP123332	leaf	Egill_069	8/05/2013		
SRR6242635	987 m	WGS	292	8732605728	USAID Feed the Future Innovation Lab for Climate Resilient Chickpea	PRJNA416007	SAMN07948385	Plant	3316717036	COOK LAB - UNIVERSITY OF CALIFORNIA AT DAVIS	USAID Feed the Future Innovation Lab for Climate Resilient Chickpea	public	"fastq,run.zq,sra"	"gs,ncbi,s3"	"gs.us-east1,ncbi.public,s3.us-east-1"	flowering	SRX3349980	Turkey	Asia	Turkey: Diyarbakir	Illumina HiSeq 4000	mountain slope-field side or border	38.274553 N 40.064533 E	Egill_072.PVCAGATC_B07_ATGC	PAIRED	RANDOM	GENOMIC	Cicer reticulatum	ILLUMINA	2019-11-01T00:00:00Z	2017-11-01T13:01:00Z	1	Egill_072	SRP123332	leaf	Egill_072	8/05/2013		
SRR6242637	987 m	WGS	292	6233259760	USAID Feed the Future Innovation Lab for Climate Resilient Chickpea	PRJNA416007	SAMN07948381	Plant	2375385253	COOK LAB - UNIVERSITY OF CALIFORNIA AT DAVIS	USAID Feed the Future Innovation Lab for Climate Resilient Chickpea	public	"fastq,run.zq,sra"	"gs,ncbi,s3"	"gs.us-east1,ncbi.public,s3.us-east-1"	flowering	SRX3349978	Turkey	Asia	Turkey: Diyarbakir	Illumina HiSeq 4000	mountain slope-field side or border	38.274511 N 40.064539 E	Egill_066.POACAGTG_B05_ATGC	PAIRED	RANDOM	GENOMIC	Cicer reticulatum	ILLUMINA	2019-11-01T00:00:00Z	2017-11-01T13:16:00Z	1	Egill_066	SRP123332	leaf	Egill_066	8/05/2013		
SRR6242638	987 m	WGS	294	926017974	USAID Feed the Future Innovation Lab for Climate Resilient Chickpea	PRJNA416007	SAMN07948381	Plant	394349476	COOK LAB - UNIVERSITY OF CALIFORNIA AT DAVIS	USAID Feed the Future Innovation Lab for Climate Resilient Chickpea	public	"fastq,run.zq,sra"	"gs,ncbi,s3"	"gs.us-east1,ncbi.public,s3.us-east-1"	flowering	SRX3349977	Turkey	Asia	Turkey: Diyarbakir	Illumina HiSeq 4000	mountain slope-field side or border	38.274511 N 40.064539 E	Egill_066.P3ACAGTG_B05_ATGC	PAIRED	RANDOM	GENOMIC	Cicer reticulatum	ILLUMINA	2019-11-01T00:00:00Z	2017-11-01T12:46:00Z	1	Egill_066	SRP123332	leaf	Egill_066	8/05/2013		
SRR6242639	986 m	WGS	290	10815491420	USAID Feed the Future Innovation Lab for Climate Resilient Chickpea	PRJNA416007	SAMN07948382	Plant	4073223642	COOK LAB - UNIVERSITY OF CALIFORNIA AT DAVIS	USAID Feed the Future Innovation Lab for Climate Resilient Chickpea	public	"fastq,run.zq,sra"	"gs,ncbi,s3"	"gs.us-east1,ncbi.public,s3.us-east-1"	flowering	SRX3349976	Turkey	Asia	Turkey: Diyarbakir	Illumina HiSeq 4000	mountain slope-field side or border	38.274334 N 40.064554 E	Egill_067A.PUCAGATC_D07_TACGA	PAIRED	RANDOM	GENOMIC	Cicer reticulatum	ILLUMINA	2019-11-01T00:00:00Z	2017-11-01T13:32:00Z	1	Egill_067A	SRP123332	leaf	Egill_067A	8/05/2013		
SRR6242640	986 m	WGS	292	671657816	USAID Feed the Future Innovation Lab for Climate Resilient Chickpea	PRJNA416007	SAMN07948382	Plant	284976481	COOK LAB - UNIVERSITY OF CALIFORNIA AT DAVIS	USAID Feed the Future Innovation Lab for Climate Resilient Chickpea	public	"fastq,run.zq,sra"	"gs,ncbi,s3"	"gs.us-east1,ncbi.public,s3.us-east-1"	flowering	SRX3349975	Turkey	Asia	Turkey: Diyarbakir	Illumina HiSeq 4000	mountain slope-field side or border	38.274334 N 40.064554 E	Egill_067A.P3CAGATC_D07_TACGA	PAIRED	RANDOM	GENOMIC	Cicer reticulatum	ILLUMINA	2019-11-01T00:00:00Z	2017-11-01T12:46:00Z	1	Egill_067A	SRP123332	leaf	Egill_067A	8/05/2013		
SRR6242651	938 m	WGS	290	2332827570	USAID Feed the Future Innovation Lab for Climate Resilient Chickpea	PRJNA416007	SAMN07948597	Plant	1166613617	COOK LAB - UNIVERSITY OF CALIFORNIA AT DAVIS	USAID Feed the Future Innovation Lab for Climate Resilient Chickpea	public	"fastq,run.zq,sra"	"gs,ncbi,s3"	"gs.us-east1,ncbi.public,s3.us-east-1"	flowering	SRX3349964	Turkey	Asia	Turkey: Adiyaman	Illumina HiSeq 4000	mountain slope-field side or border	37.732799 N 37.802959 E	Oyali_101.PKCTTGTA_G12_CAGTGC	PAIRED	RANDOM	GENOMIC	Cicer reticulatum	ILLUMINA	2019-11-01T00:00:00Z	2017-11-01T12:52:00Z	1	Oyali_101	SRP123332	leaf	Oyali_101			
SRR6242653	920 m	WGS	292	3343322036	USAID Feed the Future Innovation Lab for Climate Resilient Chickpea	PRJNA416007	SAMN07948600	Plant	1361189791	COOK LAB - UNIVERSITY OF CALIFORNIA AT DAVIS	USAID Feed the Future Innovation Lab for Climate Resilient Chickpea	public	"fastq,run.zq,sra"	"gs,ncbi,s3"	"gs.us-east1,ncbi.public,s3.us-east-1"	flowering	SRX3349962	Turkey	Asia	Turkey: Adiyaman	Illumina HiSeq 4000	mountain slope-field side or border	37.734019 N 37.802972 E	Oyali_104.PTCAGATC_C07_AGCT	PAIRED	RANDOM	GENOMIC	Cicer reticulatum	ILLUMINA	2019-11-01T00:00:00Z	2017-11-01T12:55:00Z	1	Oyali_104	SRP123332	leaf	Oyali_104			
SRR6242655	920 m	WGS	288	3558306240	USAID Feed the Future Innovation Lab for Climate Resilient Chickpea	PRJNA416007	SAMN07948601	Plant	1379149541	COOK LAB - UNIVERSITY OF CALIFORNIA AT DAVIS	USAID Feed the Future Innovation Lab for Climate Resilient Chickpea	public	"fastq,run.zq,sra"	"gs,ncbi,s3"	"gs.us-east1,ncbi.public,s3.us-east-1"	flowering	SRX3349960	Turkey	Asia	Turkey: Adiyaman	Illumina HiSeq 4000	mountain slope-field side or border	37.734013 N 37.802973 E	Oyali_105.PYATCACG_G01_CAGTGC	PAIRED	RANDOM	GENOMIC	Cicer reticulatum	ILLUMINA	2019-11-01T00:00:00Z	2017-11-01T12:52:00Z	1	Oyali_105	SRP123332	leaf	Oyali_105			
SRR6242657	920 m	WGS	294	4958517564	USAID Feed the Future Innovation Lab for Climate Resilient Chickpea	PRJNA416007	SAMN07948603	Plant	2194786412	COOK LAB - UNIVERSITY OF CALIFORNIA AT DAVIS	USAID Feed the Future Innovation Lab for Climate Resilient Chickpea	public	"fastq,run.zq,sra"	"gs,ncbi,s3"	"gs.us-east1,ncbi.public,s3.us-east-1"	flowering	SRX3349958	Turkey	Asia	Turkey: Adiyaman	Illumina HiSeq 4000	mountain slope-field side or border	37.733998 N 37.802985 E	Oyali_107.PATGACCA_B04_ATGC	PAIRED	RANDOM	GENOMIC	Cicer reticulatum	ILLUMINA	2019-11-01T00:00:00Z	2017-11-01T12:57:00Z	1	Oyali_107	SRP123332	leaf	Oyali_107			
SRR6242659	928 m	WGS	292	13442735380	USAID Feed the Future Innovation Lab for Climate Resilient Chickpea	PRJNA416007	SAMN07948605	Plant	5150438973	COOK LAB - UNIVERSITY OF CALIFORNIA AT DAVIS	USAID Feed the Future Innovation Lab for Climate Resilient Chickpea	public	"fastq,run.zq,sra"	"gs,ncbi,s3"	"gs.us-east1,ncbi.public,s3.us-east-1"	flowering	SRX3349956	Turkey	Asia	Turkey: Adiyaman	Illumina HiSeq 4000	mountain slope-field side or border	37.733818 N 37.802963 E	Oyali_110.PQGATCAG_A09_ACTG	PAIRED	RANDOM	GENOMIC	Cicer reticulatum	ILLUMINA	2019-11-01T00:00:00Z	2017-11-01T13:16:00Z	1	Oyali_110	SRP123332	leaf	Oyali_110			
SRR6242662	952 m	WGS	294	172241370	USAID Feed the Future Innovation Lab for Climate Resilient Chickpea	PRJNA416007	SAMN07948200	Plant	73508575	COOK LAB - UNIVERSITY OF CALIFORNIA AT DAVIS	USAID Feed the Future Innovation Lab for Climate Resilient Chickpea	public	"fastq,run.zq,sra"	"gs,ncbi,s3"	"gs.us-east1,ncbi.public,s3.us-east-1"	flowering	SRX3349953	Turkey	Asia	Turkey: Mardin	Illumina HiSeq 4000	mountain slope-field side or border	37.472704 N 41.392473 E	Bari3_103.P3ACAGTG_C05_AGCT	PAIRED	RANDOM	GENOMIC	Cicer reticulatum	ILLUMINA	2019-11-01T00:00:00Z	2017-11-01T12:47:00Z	1	Bari3_103	SRP123332	leaf	Bari3_103	21/05/2013		
SRR6242663	952 m	WGS	294	16727913510	USAID Feed the Future Innovation Lab for Climate Resilient Chickpea	PRJNA416007	SAMN07948200	Plant	8213237205	COOK LAB - UNIVERSITY OF CALIFORNIA AT DAVIS	USAID Feed the Future Innovation Lab for Climate Resilient Chickpea	public	"fastq,run.zq,sra"	"gs,ncbi,s3"	"gs.us-east1,ncbi.public,s3.us-east-1"	flowering	SRX3349952	Turkey	Asia	Turkey: Mardin	Illumina HiSeq 4000	mountain slope-field side or border	37.472704 N 41.392473 E	Bari3_103.PKACAGTG_C05_AGCT	PAIRED	RANDOM	GENOMIC	Cicer reticulatum	ILLUMINA	2019-11-01T00:00:00Z	2017-11-01T13:23:00Z	1	Bari3_103	SRP123332	leaf	Bari3_103	21/05/2013		
SRR6242665	960 m	WGS	290	1876653800	USAID Feed the Future Innovation Lab for Climate Resilient Chickpea	PRJNA416007	SAMN07948196	Plant	698319455	COOK LAB - UNIVERSITY OF CALIFORNIA AT DAVIS	USAID Feed the Future Innovation Lab for Climate Resilient Chickpea	public	"fastq,run.zq,sra"	"gs,ncbi,s3"	"gs.us-east1,ncbi.public,s3.us-east-1"	flowering	SRX3349950	Turkey	Asia	Turkey: Mardin	Illumina HiSeq 4000	mountain slope-field side or border	37.472791 N 41.39236 E	Bari3_092.PLCGATGT_C02_AGCT	PAIRED	RANDOM	GENOMIC	Cicer reticulatum	ILLUMINA	2019-11-01T00:00:00Z	2017-11-01T12:51:00Z	1	Bari3_092	SRP123332	leaf	Bari3_092	21/05/2013		
SRR6242666	951 m	WGS	250	10334168750	USAID Feed the Future Innovation Lab for Climate Resilient Chickpea	PRJNA416007	SAMN07948197	Plant	3371612360	COOK LAB - UNIVERSITY OF CALIFORNIA AT DAVIS	USAID Feed the Future Innovation Lab for Climate Resilient Chickpea	public	"fastq,run.zq,sra"	"gs,ncbi,s3"	"gs.us-east1,ncbi.public,s3.us-east-1"	flowering	SRX3349949	Turkey	Asia	Turkey: Mardin	Illumina HiSeq 4000	mountain slope-field side or border	37.472676 N 41.392692 E	Bari3_100.P3_TTAGGC	PAIRED	RANDOM	GENOMIC	Cicer reticulatum	ILLUMINA	2019-11-01T00:00:00Z	2017-11-01T13:09:00Z	1	Bari3_100	SRP123332	leaf	Bari3_100	21/05/2013		
SRR6242667	951 m	WGS	250	10322934000	USAID Feed the Future Innovation Lab for Climate Resilient Chickpea	PRJNA416007	SAMN07948197	Plant	3153187811	COOK LAB - UNIVERSITY OF CALIFORNIA AT DAVIS	USAID Feed the Future Innovation Lab for Climate Resilient Chickpea	public	"fastq,run.zq,sra"	"gs,ncbi,s3"	"gs.us-east1,ncbi.public,s3.us-east-1"	flowering	SRX3349948	Turkey	Asia	Turkey: Mardin	Illumina HiSeq 4000	mountain slope-field side or border	37.472676 N 41.392692 E	Bari3_100.P5_TTAGGC	PAIRED	RANDOM	GENOMIC	Cicer reticulatum	ILLUMINA	2019-11-01T00:00:00Z	2017-11-01T13:15:00Z	1	Bari3_100	SRP123332	leaf	Bari3_100	21/05/2013		
SRR6242668	951 m	WGS	294	499783536	USAID Feed the Future Innovation Lab for Climate Resilient Chickpea	PRJNA416007	SAMN07948198	Plant	219844192	COOK LAB - UNIVERSITY OF CALIFORNIA AT DAVIS	USAID Feed the Future Innovation Lab for Climate Resilient Chickpea	public	"fastq,run.zq,sra"	"gs,ncbi,s3"	"gs.us-east1,ncbi.public,s3.us-east-1"	flowering	SRX3349947	Turkey	Asia	Turkey: Mardin	Illumina HiSeq 4000	mountain slope-field side or border	37.472678 N 41.392689 E	Bari3_101.P3CGATGT_A02_ACTG	PAIRED	RANDOM	GENOMIC	Cicer reticulatum	ILLUMINA	2019-11-01T00:00:00Z	2017-11-01T12:49:00Z	1	Bari3_101	SRP123332	leaf	Bari3_101	21/05/2013		
SRR6242669	951 m	WGS	292	9688511820	USAID Feed the Future Innovation Lab for Climate Resilient Chickpea	PRJNA416007	SAMN07948198	Plant	3923989345	COOK LAB - UNIVERSITY OF CALIFORNIA AT DAVIS	USAID Feed the Future Innovation Lab for Climate Resilient Chickpea	public	"fastq,run.zq,sra"	"gs,ncbi,s3"	"gs.us-east1,ncbi.public,s3.us-east-1"	flowering	SRX3349946	Turkey	Asia	Turkey: Mardin	Illumina HiSeq 4000	mountain slope-field side or border	37.472678 N 41.392689 E	Bari3_101.PRCGATGT_A02_ACTG	PAIRED	RANDOM	GENOMIC	Cicer reticulatum	ILLUMINA	2019-11-01T00:00:00Z	2017-11-01T13:32:00Z	1	Bari3_101	SRP123332	leaf	Bari3_101	21/05/2013		
SRR6242670	951 m	WGS	292	1313900136	USAID Feed the Future Innovation Lab for Climate Resilient Chickpea	PRJNA416007	SAMN07948199	Plant	571304087	COOK LAB - UNIVERSITY OF CALIFORNIA AT DAVIS	USAID Feed the Future Innovation Lab for Climate Resilient Chickpea	public	"fastq,run.zq,sra"	"gs,ncbi,s3"	"gs.us-east1,ncbi.public,s3.us-east-1"	flowering	SRX3349945	Turkey	Asia	Turkey: Mardin	Illumina HiSeq 4000	mountain slope-field side or border	37.47272 N 41.392467 E	Bari3_102.P2TAGCTT_F10_TGACA	PAIRED	RANDOM	GENOMIC	Cicer reticulatum	ILLUMINA	2019-11-01T00:00:00Z	2017-11-01T12:50:00Z	1	Bari3_102	SRP123332	leaf	Bari3_102	21/05/2013		
SRR6242671	951 m	WGS	290	3467457210	USAID Feed the Future Innovation Lab for Climate Resilient Chickpea	PRJNA416007	SAMN07948199	Plant	1352906299	COOK LAB - UNIVERSITY OF CALIFORNIA AT DAVIS	USAID Feed the Future Innovation Lab for Climate Resilient Chickpea	public	"fastq,run.zq,sra"	"gs,ncbi,s3"	"gs.us-east1,ncbi.public,s3.us-east-1"	flowering	SRX3349944	Turkey	Asia	Turkey: Mardin	Illumina HiSeq 4000	mountain slope-field side or border	37.47272 N 41.392467 E	Bari3_102.PNTAGCTT_F10_TGACA	PAIRED	RANDOM	GENOMIC	Cicer reticulatum	ILLUMINA	2019-11-01T00:00:00Z	2017-11-01T12:53:00Z	1	Bari3_102	SRP123332	leaf	Bari3_102	21/05/2013		
